source_csv,experiment,repetition,scheduler,scheduler_impl,cpus,total_tasks,admitted_tasks,delayed_tasks,rejected_tasks,completed_tasks,failed_tasks,deadline_completed_tasks,offered_deadline_tasks,deadline_successes,accepted_deadline_tasks,accepted_deadline_misses,deadline_misses,deadline_goodput,accepted_miss_rate,admission_rate,delay_rate,rejection_rate,completion_rate,deadline_miss_ratio,mean_response_ms,p50_response_ms,p95_response_ms,throughput_tasks_s,goodput_deadline_tasks_s,cpu_utilization,jain_class_service_fairness,workload_psi_some_avg10_final,workload_psi_some_total_us,workload_psi_some_stall_fraction,critical_offered_tasks,critical_completed_tasks,critical_rejected_tasks,critical_completion_rate,critical_rejection_rate,critical_offered_deadline_tasks,critical_deadline_successes,critical_deadline_goodput,critical_accepted_deadline_tasks,critical_accepted_deadline_misses,critical_accepted_miss_rate,critical_p50_response_ms,critical_p95_response_ms,interactive_offered_tasks,interactive_completed_tasks,interactive_rejected_tasks,interactive_completion_rate,interactive_rejection_rate,interactive_offered_deadline_tasks,interactive_deadline_successes,interactive_deadline_goodput,interactive_accepted_deadline_tasks,interactive_accepted_deadline_misses,interactive_accepted_miss_rate,interactive_p50_response_ms,interactive_p95_response_ms,batch_offered_tasks,batch_completed_tasks,batch_rejected_tasks,batch_completion_rate,batch_rejection_rate,batch_offered_deadline_tasks,batch_deadline_successes,batch_deadline_goodput,batch_accepted_deadline_tasks,batch_accepted_deadline_misses,batch_accepted_miss_rate,batch_p50_response_ms,batch_p95_response_ms,duration_s,scheduler_cpu_time_ms,scheduler_cpu_fraction,metadata_cache_hits,metadata_registry_reads,metadata_misses,local_dispatches,dispatch_attempts,tasks_dequeued,notify_cycles,average_tasks_per_notify_cycle,average_decision_wall_us,decision_wall_ns_per_dispatch,max_decision_wall_us,average_cycle_wall_us,max_cycle_wall_us,core_user_dispatches,core_kernel_dispatches,core_cancelled_dispatches,core_bounced_dispatches,core_failed_dispatches,core_congestion_events
/home/amir/project/ai-fusion-scheduler-v0.2.0/ai-fusion-scheduler/results/paper-final-v1/light/eevdf/rep-00/tasks.csv,light,0,eevdf,eevdf,4,67,67,0,0,67,0,55,55,55,55,0,0,1.0,0.0,1.0,0.0,0.0,1.0,0.0,840.2939712985075,596.374569,2489.807260699999,2.5526318222163895,2.0954440331627078,0.5147511983410002,0.9998446510813068,0.79,257374,0.009805687501658524,20,20,0,1.0,0.0,20,20,1.0,20,0,0.0,382.93115,447.44749935000004,35,35,0,1.0,0.0,35,35,1.0,35,0,0.0,629.902414,706.6659817999999,12,12,0,1.0,0.0,0,0,,0,0,,2224.947584,2698.96967735,26.247420179,,,,,,,,,,,,,,,,,,,,,
/home/amir/project/ai-fusion-scheduler-v0.2.0/ai-fusion-scheduler/results/paper-final-v1/light/eevdf/rep-01/tasks.csv,light,1,eevdf,eevdf,4,67,67,0,0,67,0,55,55,55,55,0,0,1.0,0.0,1.0,0.0,0.0,1.0,0.0,814.9992245970149,548.189307,2420.8454429,2.293810947473543,1.8829791359857442,0.4514088605292578,0.9999787351814315,0.05,92896,0.0031803859966642125,20,20,0,1.0,0.0,20,20,1.0,20,0,0.0,362.378928,430.37034120000004,35,35,0,1.0,0.0,35,35,1.0,35,0,0.0,567.379907,683.0725892999999,12,12,0,1.0,0.0,0,0,,0,0,,2262.7687175,2586.6876795,29.209033148,,,,,,,,,,,,,,,,,,,,,
/home/amir/project/ai-fusion-scheduler-v0.2.0/ai-fusion-scheduler/results/paper-final-v1/light/eevdf/rep-02/tasks.csv,light,2,eevdf,eevdf,4,67,67,0,0,67,0,55,55,55,55,0,0,1.0,0.0,1.0,0.0,0.0,1.0,0.0,837.5362520447761,600.432107,2490.4057535999996,1.9137145227177508,1.5709596828280044,0.3829914535870139,0.9999327841329663,0.27,228562,0.006528394309573351,20,20,0,1.0,0.0,20,20,1.0,20,0,0.0,356.5566915,428.02464935000006,35,35,0,1.0,0.0,35,35,1.0,35,0,0.0,630.844113,762.1840030999999,12,12,0,1.0,0.0,0,0,,0,0,,2266.8850190000003,2581.30954215,35.010446545,,,,,,,,,,,,,,,,,,,,,
/home/amir/project/ai-fusion-scheduler-v0.2.0/ai-fusion-scheduler/results/paper-final-v1/light/eevdf/rep-03/tasks.csv,light,3,eevdf,eevdf,4,67,67,0,0,67,0,55,55,55,55,0,0,1.0,0.0,1.0,0.0,0.0,1.0,0.0,858.1271479253732,564.999818,2547.9024138,2.511049197100521,2.06130904239595,0.5169266288233271,0.9999703435393845,0.6,229045,0.00858422781119237,20,20,0,1.0,0.0,20,20,1.0,20,0,0.0,406.194507,499.14890740000004,35,35,0,1.0,0.0,35,35,1.0,35,0,0.0,579.458321,695.2091370999999,12,12,0,1.0,0.0,0,0,,0,0,,2473.8912259999997,2649.0919455,26.682073803,,,,,,,,,,,,,,,,,,,,,
/home/amir/project/ai-fusion-scheduler-v0.2.0/ai-fusion-scheduler/results/paper-final-v1/light/eevdf/rep-04/tasks.csv,light,4,eevdf,eevdf,4,67,67,0,0,67,0,55,55,55,55,0,0,1.0,0.0,1.0,0.0,0.0,1.0,0.0,824.3027810149254,559.848313,2413.8710309999997,1.9067657941314475,1.5652555026452182,0.38218665494818727,0.9999997810675902,0.0,10662,0.00030343189398551485,20,20,0,1.0,0.0,20,20,1.0,20,0,0.0,390.782307,432.5231922,35,35,0,1.0,0.0,35,35,1.0,35,0,0.0,567.20992,679.3748659,12,12,0,1.0,0.0,0,0,,0,0,,2198.9047495000004,2638.03646835,35.138033316,,,,,,,,,,,,,,,,,,,,,
/home/amir/project/ai-fusion-scheduler-v0.2.0/ai-fusion-scheduler/results/paper-final-v1/light/eevdf/rep-05/tasks.csv,light,5,eevdf,eevdf,4,67,67,0,0,67,0,55,55,55,55,0,0,1.0,0.0,1.0,0.0,0.0,1.0,0.0,824.9009142985075,542.307005,2439.4620926999996,2.0135679738070538,1.6529289337222084,0.404090950456248,0.9999944326948169,0.0,8493,0.00025524228062004937,20,20,0,1.0,0.0,20,20,1.0,20,0,0.0,367.3444865,431.215827,35,35,0,1.0,0.0,35,35,1.0,35,0,0.0,571.454458,681.4992158,12,12,0,1.0,0.0,0,0,,0,0,,2283.6314075,2617.8159422999997,33.274267803,,,,,,,,,,,,,,,,,,,,,
/home/amir/project/ai-fusion-scheduler-v0.2.0/ai-fusion-scheduler/results/paper-final-v1/light/eevdf/rep-06/tasks.csv,light,6,eevdf,eevdf,4,67,67,0,0,67,0,55,55,55,55,0,0,1.0,0.0,1.0,0.0,0.0,1.0,0.0,859.8680871641791,603.121589,2503.3905179,1.480092582107908,1.2150013733721632,0.2997984203492952,0.9999478553322053,0.0,80884,0.0017868031106151646,20,20,0,1.0,0.0,20,20,1.0,20,0,0.0,364.247361,438.1006528500001,35,35,0,1.0,0.0,35,35,1.0,35,0,0.0,618.086648,862.5657177999994,12,12,0,1.0,0.0,0,0,,0,0,,2391.901665,2642.4700693,45.267438544,,,,,,,,,,,,,,,,,,,,,
/home/amir/project/ai-fusion-scheduler-v0.2.0/ai-fusion-scheduler/results/paper-final-v1/light/eevdf/rep-07/tasks.csv,light,7,eevdf,eevdf,4,67,67,0,0,67,0,55,55,55,55,0,0,1.0,0.0,1.0,0.0,0.0,1.0,0.0,831.0071604179104,552.399271,2323.4845996999998,1.9207147186836608,1.5767061123522588,0.3873584178445872,0.9999974088177654,0.0,26308,0.0007541815346138769,20,20,0,1.0,0.0,20,20,1.0,20,0,0.0,395.5608865,441.20966905,35,35,0,1.0,0.0,35,35,1.0,35,0,0.0,589.226464,686.7700949,12,12,0,1.0,0.0,0,0,,0,0,,2313.483932,2585.4091412,34.882848217,,,,,,,,,,,,,,,,,,,,,
/home/amir/project/ai-fusion-scheduler-v0.2.0/ai-fusion-scheduler/results/paper-final-v1/light/eevdf/rep-08/tasks.csv,light,8,eevdf,eevdf,4,67,67,0,0,67,0,55,55,55,55,0,0,1.0,0.0,1.0,0.0,0.0,1.0,0.0,827.7112839552238,540.454165,2456.5426754,1.3569720264545082,1.1139322605223574,0.2724641321876475,0.9999892369969094,0.0,11390,0.00023068524449726638,20,20,0,1.0,0.0,20,20,1.0,20,0,0.0,388.707979,432.31202830000007,35,35,0,1.0,0.0,35,35,1.0,35,0,0.0,595.127308,694.1124834,12,12,0,1.0,0.0,0,0,,0,0,,2177.2664855,2674.02025195,49.374636097,,,,,,,,,,,,,,,,,,,,,
/home/amir/project/ai-fusion-scheduler-v0.2.0/ai-fusion-scheduler/results/paper-final-v1/light/eevdf/rep-09/tasks.csv,light,9,eevdf,eevdf,4,67,67,0,0,67,0,55,55,55,55,0,0,1.0,0.0,1.0,0.0,0.0,1.0,0.0,831.2997105522388,577.48691,2384.265546999999,2.042641030082094,1.6767948754405246,0.4084303947070843,0.9999986003455111,0.1,165173,0.005035658908384324,20,20,0,1.0,0.0,20,20,1.0,20,0,0.0,393.1590155,446.7783868000001,35,35,0,1.0,0.0,35,35,1.0,35,0,0.0,601.578447,710.2820445999998,12,12,0,1.0,0.0,0,0,,0,0,,2207.2050325,2620.56848805,32.800672763,,,,,,,,,,,,,,,,,,,,,
/home/amir/project/ai-fusion-scheduler-v0.2.0/ai-fusion-scheduler/results/paper-final-v1/light/proposed/rep-00/tasks.csv,light,0,proposed,proposed,4,67,67,0,0,67,0,55,55,55,55,0,0,1.0,0.0,1.0,0.0,0.0,1.0,0.0,847.055620119403,599.701999,2506.2679737999993,2.553022993216832,2.0957651436854587,0.5109144749718681,0.9998508607064255,1.46,512579,0.019531730937911797,20,20,0,1.0,0.0,20,20,1.0,20,0,0.0,377.63904649999995,469.10637125000005,35,35,0,1.0,0.0,35,35,1.0,35,0,0.0,622.225761,736.0289470999999,12,12,0,1.0,0.0,0,0,,0,0,,2260.490818,2732.94022055,26.243398582,73.398113,0.002796821942503392,1020,67,0,1087,1087,1087,1003,1.0837487537387835,7.694360917248256,7099.764489420423,60.292,27832.66176570289,1659937.526,1087,0,0,0,0,0
/home/amir/project/ai-fusion-scheduler-v0.2.0/ai-fusion-scheduler/results/paper-final-v1/light/proposed/rep-01/tasks.csv,light,1,proposed,proposed,4,67,67,0,0,67,0,55,55,55,55,0,0,1.0,0.0,1.0,0.0,0.0,1.0,0.0,816.5794791791044,532.752221,2433.8428341999997,2.2952915988063105,1.884194596035031,0.44917843312464806,0.9999837434224997,0.64,378096,0.012952844363317475,20,20,0,1.0,0.0,20,20,1.0,20,0,0.0,353.757513,447.35238670000007,35,35,0,1.0,0.0,35,35,1.0,35,0,0.0,571.254313,680.7407581,12,12,0,1.0,0.0,0,0,,0,0,,2274.3421365,2574.5665163,29.190190926,54.357614,0.001862187682766512,921,67,0,988,988,988,931,1.0612244897959184,5.520356605800215,5201.8744939271255,61.374,33281.1637443609,1716085.377,988,0,0,0,0,0
/home/amir/project/ai-fusion-scheduler-v0.2.0/ai-fusion-scheduler/results/paper-final-v1/light/proposed/rep-02/tasks.csv,light,2,proposed,proposed,4,67,67,0,0,67,0,55,55,55,55,0,0,1.0,0.0,1.0,0.0,0.0,1.0,0.0,840.8684328208955,603.830544,2510.4255181999997,1.9125934440653227,1.5700393943819813,0.3797567778627632,0.9999408826906233,0.49,561124,0.01601794154787627,20,20,0,1.0,0.0,20,20,1.0,20,0,0.0,361.56836599999997,428.50676384999997,35,35,0,1.0,0.0,35,35,1.0,35,0,0.0,624.867841,750.3162718999996,12,12,0,1.0,0.0,0,0,,0,0,,2290.5368895,2624.387987,35.030968138,63.994024,0.001826784339727745,1033,67,0,1100,1100,1100,999,1.1011011011011012,5.806766766766766,5273.6,83.298,37081.86234234234,2909028.147,1100,0,0,0,0,0
/home/amir/project/ai-fusion-scheduler-v0.2.0/ai-fusion-scheduler/results/paper-final-v1/light/proposed/rep-03/tasks.csv,light,3,proposed,proposed,4,67,67,0,0,67,0,55,55,55,55,0,0,1.0,0.0,1.0,0.0,0.0,1.0,0.0,860.8121581044776,561.963712,2569.6000102,2.511163190342733,2.061402618938064,0.5142937396548634,0.9999741180007922,0.93,468686,0.017566373597447373,20,20,0,1.0,0.0,20,20,1.0,20,0,0.0,401.4458575,485.8893847,35,35,0,1.0,0.0,35,35,1.0,35,0,0.0,573.090744,693.8122115,12,12,0,1.0,0.0,0,0,,0,0,,2514.5803244999997,2713.97107805,26.680862581,54.954498,0.0020596972018113928,1048,67,0,1115,1115,1115,1031,1.0814742967992241,5.279495635305529,4881.757847533632,49.375,27171.21442774006,1341822.757,1115,0,0,0,0,0
/home/amir/project/ai-fusion-scheduler-v0.2.0/ai-fusion-scheduler/results/paper-final-v1/light/proposed/rep-04/tasks.csv,light,4,proposed,proposed,4,67,67,0,0,67,0,55,55,55,55,0,0,1.0,0.0,1.0,0.0,0.0,1.0,0.0,831.5082813582089,565.364455,2435.8776742999994,1.9062215750604652,1.5648087556466506,0.3802351247648588,0.9999969734548844,0.81,394431,0.011221983314517528,20,20,0,1.0,0.0,20,20,1.0,20,0,0.0,395.20909,439.79362655000006,35,35,0,1.0,0.0,35,35,1.0,35,0,0.0,585.253322,684.3454956,12,12,0,1.0,0.0,0,0,,0,0,,2230.522163,2646.1391493,35.148065092,84.168289,0.0023946777377272304,912,67,0,979,979,979,943,1.0381760339342523,6.572100742311771,6330.430030643513,32.88,39214.96519724284,1785743.786,979,0,0,0,0,0
/home/amir/project/ai-fusion-scheduler-v0.2.0/ai-fusion-scheduler/results/paper-final-v1/light/proposed/rep-05/tasks.csv,light,5,proposed,proposed,4,67,67,0,0,67,0,55,55,55,55,0,0,1.0,0.0,1.0,0.0,0.0,1.0,0.0,829.0006196865671,533.951361,2453.4740199,2.0136493447621095,1.6529957307748662,0.40165424309638054,0.9999944322832178,0.44,324547,0.009754087371559828,20,20,0,1.0,0.0,20,20,1.0,20,0,0.0,370.723975,447.80967835,35,35,0,1.0,0.0,35,35,1.0,35,0,0.0,573.494223,686.3134399,12,12,0,1.0,0.0,0,0,,0,0,,2289.7845665000004,2641.45724575,33.2729232,61.001538,0.001833368761540014,925,67,0,992,992,992,923,1.074756229685807,6.461930660888407,6012.461693548387,78.171,37956.26698916576,1885364.957,992,0,0,0,0,0
/home/amir/project/ai-fusion-scheduler-v0.2.0/ai-fusion-scheduler/results/paper-final-v1/light/proposed/rep-06/tasks.csv,light,6,proposed,proposed,4,67,67,0,0,67,0,55,55,55,55,0,0,1.0,0.0,1.0,0.0,0.0,1.0,0.0,866.324812402985,592.216997,2552.8816693,1.4793768953111754,1.2144138692852933,0.29812461902389287,0.9999577763207359,1.59,1390662,0.030706167641600446,20,20,0,1.0,0.0,20,20,1.0,20,0,0.0,370.6877035,442.19587655,35,35,0,1.0,0.0,35,35,1.0,35,0,0.0,631.363539,774.6842742999995,12,12,0,1.0,0.0,0,0,,0,0,,2409.2231739999997,2665.79384875,45.289337837,77.374889,0.0017084570606547284,955,67,0,1022,1022,1022,973,1.0503597122302157,7.01467009249743,6678.350293542075,150.205,48302.41761562179,1837398.475,1022,0,0,0,0,0
/home/amir/project/ai-fusion-scheduler-v0.2.0/ai-fusion-scheduler/results/paper-final-v1/light/proposed/rep-07/tasks.csv,light,7,proposed,proposed,4,67,67,0,0,67,0,55,55,54,55,1,1,0.9818181818181818,0.01818181818181818,1.0,0.0,0.0,1.0,0.01818181818181818,899.1906345373135,590.489433,2352.385878,1.9186854029938907,1.5464031606219417,0.3848238626138387,0.9999822283986753,16.3,2204351,0.06312621025037292,20,20,0,1.0,0.0,20,19,0.95,20,1,0.05,403.73044649999997,528.5047059000012,35,35,0,1.0,0.0,35,35,1.0,35,0,0.0,616.160816,941.9004602999992,12,12,0,1.0,0.0,0,0,,0,0,,2332.304837,2637.6577023,34.91974239,56.312552,0.0016126279332497676,950,67,0,1017,1017,1017,943,1.0784729586426298,5.490806998939554,5091.279252704031,54.754,40274.259849416754,2996055.822,1017,0,0,0,0,0
/home/amir/project/ai-fusion-scheduler-v0.2.0/ai-fusion-scheduler/results/paper-final-v1/light/proposed/rep-08/tasks.csv,light,8,proposed,proposed,4,67,67,0,0,67,0,55,55,55,55,0,0,1.0,0.0,1.0,0.0,0.0,1.0,0.0,832.1902149402985,545.373814,2465.1296285999997,1.357291049297916,1.1141941449460504,0.27090198191425297,0.9999867825472594,0.12,400892,0.008121300348285674,20,20,0,1.0,0.0,20,20,1.0,20,0,0.0,385.5781195,422.231878,35,35,0,1.0,0.0,35,35,1.0,35,0,0.0,591.174128,694.6643375000001,12,12,0,1.0,0.0,0,0,,0,0,,2206.1839725,2692.80726495,49.363030895,66.200148,0.0013410875872029455,903,67,0,970,970,970,946,1.025369978858351,6.2955486257928115,6139.782474226804,189.338,54000.04126955602,1643829.93,970,0,0,0,0,0
/home/amir/project/ai-fusion-scheduler-v0.2.0/ai-fusion-scheduler/results/paper-final-v1/light/proposed/rep-09/tasks.csv,light,9,proposed,proposed,4,67,67,0,0,67,0,55,55,55,55,0,0,1.0,0.0,1.0,0.0,0.0,1.0,0.0,835.707982880597,572.439997,2412.1495063,2.0415430913701353,1.6758935824680214,0.40529012523754493,0.9999981288846306,0.29,484772,0.014771386977457958,20,20,0,1.0,0.0,20,20,1.0,20,0,0.0,395.4278865,436.06266375,35,35,0,1.0,0.0,35,35,1.0,35,0,0.0,590.029071,693.0187887999999,12,12,0,1.0,0.0,0,0,,0,0,,2210.3076065,2710.44582675,32.818312914,57.52302,0.0017527720011305391,946,67,0,1013,1013,1013,952,1.0640756302521008,5.9413455882352935,5583.574531095755,70.708,36753.69374789916,1246217.548,1013,0,0,0,0,0
/home/amir/project/ai-fusion-scheduler-v0.2.0/ai-fusion-scheduler/results/paper-final-v1/light/proposed-no-admission/rep-00/tasks.csv,light,0,proposed-no-admission,proposed,4,67,67,0,0,67,0,55,55,55,55,0,0,1.0,0.0,1.0,0.0,0.0,1.0,0.0,847.0423128656716,606.657146,2523.2755594999994,2.552583294637685,2.095404197090637,0.5114808870281795,0.9998745043516628,1.54,536582,0.020442839543332512,20,20,0,1.0,0.0,20,20,1.0,20,0,0.0,379.0616665,445.4902744500001,35,35,0,1.0,0.0,35,35,1.0,35,0,0.0,632.89337,711.2434545999998,12,12,0,1.0,0.0,0,0,,0,0,,2257.9618825,2721.58784045,26.247919173,70.603808,0.0026898821020687543,1033,67,0,1100,1100,1100,1016,1.0826771653543308,7.362858267716535,6800.603636363637,167.919,27529.862700787402,1649780.552,1100,0,0,0,0,0
/home/amir/project/ai-fusion-scheduler-v0.2.0/ai-fusion-scheduler/results/paper-final-v1/light/proposed-no-admission/rep-01/tasks.csv,light,1,proposed-no-admission,proposed,4,67,67,0,0,67,0,55,55,55,55,0,0,1.0,0.0,1.0,0.0,0.0,1.0,0.0,819.0752587910448,538.012338,2445.8418234999995,2.293811153460048,1.882979305079144,0.4489034547903743,0.9999847736171622,0.72,428814,0.014680870685967419,20,20,0,1.0,0.0,20,20,1.0,20,0,0.0,356.8520945,425.9643488,35,35,0,1.0,0.0,35,35,1.0,35,0,0.0,562.649154,690.2040962000001,12,12,0,1.0,0.0,0,0,,0,0,,2290.3870985000003,2608.8046699999995,29.209030525,56.038257,0.001918525058612845,926,67,0,993,993,993,926,1.0723542116630669,5.960863930885529,5558.6706948640485,89.749,33457.758224622026,1721990.665,993,0,0,0,0,0
/home/amir/project/ai-fusion-scheduler-v0.2.0/ai-fusion-scheduler/results/paper-final-v1/light/proposed-no-admission/rep-02/tasks.csv,light,2,proposed-no-admission,proposed,4,67,67,0,0,67,0,55,55,55,55,0,0,1.0,0.0,1.0,0.0,0.0,1.0,0.0,841.068510597015,614.122081,2515.9180662999997,1.912520145740048,1.5699792241149648,0.3792139176013345,0.9999428002782698,0.5,590642,0.0168599212525402,20,20,0,1.0,0.0,20,20,1.0,20,0,0.0,354.129616,426.1647149,35,35,0,1.0,0.0,35,35,1.0,35,0,0.0,632.011833,728.1318276999998,12,12,0,1.0,0.0,0,0,,0,0,,2290.8590599999998,2655.3674473499996,35.032310718,60.229491,0.0017192554463458045,1025,67,0,1092,1092,1092,1008,1.0833333333333333,5.740506944444444,5298.929487179487,200.101,36710.53057142857,1893996.673,1092,0,0,0,0,0
/home/amir/project/ai-fusion-scheduler-v0.2.0/ai-fusion-scheduler/results/paper-final-v1/light/proposed-no-admission/rep-03/tasks.csv,light,3,proposed-no-admission,proposed,4,67,67,0,0,67,0,55,55,55,55,0,0,1.0,0.0,1.0,0.0,0.0,1.0,0.0,866.5122844626866,569.238096,2592.3254513,2.509863305301692,2.0603355491282547,0.5139258211346099,0.9999757634466987,2.75,693476,0.025978059186677553,20,20,0,1.0,0.0,20,20,1.0,20,0,0.0,391.2415275,496.65116375,35,35,0,1.0,0.0,35,35,1.0,35,0,0.0,582.797496,716.0447716999998,12,12,0,1.0,0.0,0,0,,0,0,,2516.86001,2713.51123955,26.694680885,56.539302,0.002117998796972695,1024,67,0,1091,1091,1091,987,1.1053698074974672,5.166454913880446,4673.960586617782,60.251,30421.67703444782,1999363.473,1091,0,0,0,0,0
/home/amir/project/ai-fusion-scheduler-v0.2.0/ai-fusion-scheduler/results/paper-final-v1/light/proposed-no-admission/rep-04/tasks.csv,light,4,proposed-no-admission,proposed,4,67,67,0,0,67,0,55,55,55,55,0,0,1.0,0.0,1.0,0.0,0.0,1.0,0.0,829.4362505970149,555.218895,2431.5627738999992,1.9059145722566764,1.5645567384196597,0.37986958768416756,0.999998169783566,0.57,372228,0.01058857864779042,20,20,0,1.0,0.0,20,20,1.0,20,0,0.0,388.273788,437.41457675000004,35,35,0,1.0,0.0,35,35,1.0,35,0,0.0,576.192437,681.0605021,12,12,0,1.0,0.0,0,0,,0,0,,2236.8156135,2666.75873135,35.153726707,92.72333,0.002637652922912905,904,67,0,971,971,971,1011,0.960435212660732,52.556880316518296,54721.942327497425,42853.8,36614.22418694362,1813743.803,971,0,0,0,0,0
/home/amir/project/ai-fusion-scheduler-v0.2.0/ai-fusion-scheduler/results/paper-final-v1/light/proposed-no-admission/rep-05/tasks.csv,light,5,proposed-no-admission,proposed,4,67,67,0,0,67,0,55,55,55,55,0,0,1.0,0.0,1.0,0.0,0.0,1.0,0.0,828.5024700149254,530.592072,2449.8917539,2.0127649574631197,1.6522697412010685,0.40167990758761607,0.9999944324360418,0.4,319209,0.009589443123982761,20,20,0,1.0,0.0,20,20,1.0,20,0,0.0,367.8478465,433.36082005000003,35,35,0,1.0,0.0,35,35,1.0,35,0,0.0,569.888955,685.4833166999999,12,12,0,1.0,0.0,0,0,,0,0,,2301.4410239999997,2643.95039685,33.287542965,59.411729,0.0017848036745297822,922,67,0,989,989,989,908,1.0892070484581498,6.596787444933921,6056.504550050556,98.671,44107.72423678414,4005405.302,989,0,0,0,0,0
/home/amir/project/ai-fusion-scheduler-v0.2.0/ai-fusion-scheduler/results/paper-final-v1/light/proposed-no-admission/rep-06/tasks.csv,light,6,proposed-no-admission,proposed,4,67,67,0,0,67,0,55,55,55,55,0,0,1.0,0.0,1.0,0.0,0.0,1.0,0.0,850.3313649552239,588.681392,2559.6014358999996,1.4683194889265079,1.2053368938948945,0.2952732476298374,0.999955437063319,0.43,524668,0.01149821268083721,20,20,0,1.0,0.0,20,20,1.0,20,0,0.0,363.3796175,429.1998108,35,35,0,1.0,0.0,35,35,1.0,35,0,0.0,602.732123,702.1982911,12,12,0,1.0,0.0,0,0,,0,0,,2441.6744925,2713.2466575,45.630396181,75.286072,0.001649910548691407,950,67,0,1017,1017,1017,968,1.0506198347107438,7.048542355371901,6708.937069813176,640.66,51718.12091632231,3009161.313,1017,0,0,0,0,0
/home/amir/project/ai-fusion-scheduler-v0.2.0/ai-fusion-scheduler/results/paper-final-v1/light/proposed-no-admission/rep-07/tasks.csv,light,7,proposed-no-admission,proposed,4,67,67,0,0,67,0,55,55,55,55,0,0,1.0,0.0,1.0,0.0,0.0,1.0,0.0,835.1780514179105,555.36903,2336.5198963000003,1.9210400043845566,1.576973137927621,0.38545064483565167,0.9999933013326158,0.24,303542,0.008703228731505926,20,20,0,1.0,0.0,20,20,1.0,20,0,0.0,413.1730045,438.49132595000003,35,35,0,1.0,0.0,35,35,1.0,35,0,0.0,592.986254,683.6212797,12,12,0,1.0,0.0,0,0,,0,0,,2324.39169,2606.2057236500004,34.876941577,54.423584,0.0015604460006863176,912,67,0,979,979,979,927,1.0560949298813376,5.369202804746494,5084.015321756895,94.506,38872.23064617044,1795329.231,979,0,0,0,0,0
/home/amir/project/ai-fusion-scheduler-v0.2.0/ai-fusion-scheduler/results/paper-final-v1/light/proposed-no-admission/rep-08/tasks.csv,light,8,proposed-no-admission,proposed,4,67,67,0,0,67,0,55,55,55,55,0,0,1.0,0.0,1.0,0.0,0.0,1.0,0.0,832.9412362835822,536.911219,2485.1140510999994,1.356755023299659,1.1137541236041977,0.2710265319980923,0.999988540910777,0.27,396540,0.008029964730436519,20,20,0,1.0,0.0,20,20,1.0,20,0,0.0,382.1600005,428.7995829,35,35,0,1.0,0.0,35,35,1.0,35,0,0.0,597.732877,704.3874711999999,12,12,0,1.0,0.0,0,0,,0,0,,2198.3615465,2693.87858245,49.382533213,69.545715,0.0014083059429136782,944,67,0,1011,1011,1011,985,1.0263959390862945,5.8760426395939085,5724.927794263106,50.959,51804.29126395939,1584563.058,1011,0,0,0,0,0
/home/amir/project/ai-fusion-scheduler-v0.2.0/ai-fusion-scheduler/results/paper-final-v1/light/proposed-no-admission/rep-09/tasks.csv,light,9,proposed-no-admission,proposed,4,67,67,0,0,67,0,55,55,55,55,0,0,1.0,0.0,1.0,0.0,0.0,1.0,0.0,831.4888871343284,570.527725,2394.9406469999994,2.0412311516433466,1.6756375125430458,0.4053965602491633,0.999998530293039,0.54,468754,0.01428112339190187,20,20,0,1.0,0.0,20,20,1.0,20,0,0.0,387.6398625,445.94533240000004,35,35,0,1.0,0.0,35,35,1.0,35,0,0.0,592.778515,683.0476865,12,12,0,1.0,0.0,0,0,,0,0,,2208.69117,2702.2746039999997,32.823328189,62.08281,0.0018914233694560462,976,67,0,1043,1043,1043,982,1.0621181262729125,6.347606924643585,5976.366251198466,144.835,35654.68328716904,2117205.898,1043,0,0,0,0,0
/home/amir/project/ai-fusion-scheduler-v0.2.0/ai-fusion-scheduler/results/paper-final-v1/light/rustland/rep-00/tasks.csv,light,0,rustland,rustland,4,67,67,0,0,67,0,55,55,55,55,0,0,1.0,0.0,1.0,0.0,0.0,1.0,0.0,941.5810948507462,618.919673,2547.917481599999,2.5521300357060017,2.0950321188631356,0.5097329061987944,0.9998773122327848,4.32,1873458,0.0713628124243835,20,20,0,1.0,0.0,20,20,1.0,20,0,0.0,391.8773995,525.7373381500003,35,35,0,1.0,0.0,35,35,1.0,35,0,0.0,638.633461,1651.3727274999997,12,12,0,1.0,0.0,0,0,,0,0,,2246.7907834999996,3500.433837649999,26.25258081,,,,,,,,,,,,,,,,,,,,,
/home/amir/project/ai-fusion-scheduler-v0.2.0/ai-fusion-scheduler/results/paper-final-v1/light/rustland/rep-01/tasks.csv,light,1,rustland,rustland,4,67,67,0,0,67,0,55,55,55,55,0,0,1.0,0.0,1.0,0.0,0.0,1.0,0.0,815.8511622835821,540.285817,2437.8978555999997,2.2946515929829943,1.8836692181203682,0.4488392911875068,0.9999854658094209,0.38,302718,0.010367646879472031,20,20,0,1.0,0.0,20,20,1.0,20,0,0.0,352.5780795,436.20425859999995,35,35,0,1.0,0.0,35,35,1.0,35,0,0.0,563.79287,684.288087,12,12,0,1.0,0.0,0,0,,0,0,,2279.0835965,2580.6786546499998,29.19833242,,,,,,,,,,,,,,,,,,,,,
/home/amir/project/ai-fusion-scheduler-v0.2.0/ai-fusion-scheduler/results/paper-final-v1/light/rustland/rep-02/tasks.csv,light,2,rustland,rustland,4,67,67,0,0,67,0,55,55,55,55,0,0,1.0,0.0,1.0,0.0,0.0,1.0,0.0,840.5337387761194,600.012718,2508.3469781,1.9134288317070896,1.5707251603565662,0.3800449043229765,0.9999454117624033,0.44,503013,0.014365366819753408,20,20,0,1.0,0.0,20,20,1.0,20,0,0.0,353.896102,429.45168459999996,35,35,0,1.0,0.0,35,35,1.0,35,0,0.0,627.724784,743.1228443,12,12,0,1.0,0.0,0,0,,0,0,,2293.406502,2645.0567297,35.015673899,,,,,,,,,,,,,,,,,,,,,
/home/amir/project/ai-fusion-scheduler-v0.2.0/ai-fusion-scheduler/results/paper-final-v1/light/rustland/rep-03/tasks.csv,light,3,rustland,rustland,4,67,67,0,0,67,0,55,55,55,55,0,0,1.0,0.0,1.0,0.0,0.0,1.0,0.0,862.823418880597,578.195749,2582.2754084999997,2.510663548032625,2.060992464802901,0.5146245605978305,0.9999731237671594,0.99,432924,0.016222783669678748,20,20,0,1.0,0.0,20,20,1.0,20,0,0.0,395.2113515,431.68613825,35,35,0,1.0,0.0,35,35,1.0,35,0,0.0,587.106192,699.8714994,12,12,0,1.0,0.0,0,0,,0,0,,2504.496368,2739.5821506499997,26.686172288,,,,,,,,,,,,,,,,,,,,,
/home/amir/project/ai-fusion-scheduler-v0.2.0/ai-fusion-scheduler/results/paper-final-v1/light/rustland/rep-04/tasks.csv,light,4,rustland,rustland,4,67,67,0,0,67,0,55,55,55,55,0,0,1.0,0.0,1.0,0.0,0.0,1.0,0.0,829.5222989850747,559.745321,2422.313442999999,1.9066962428694163,1.5651984083256403,0.38051433661412165,0.9999983675369835,0.22,273105,0.007772063841923163,20,20,0,1.0,0.0,20,20,1.0,20,0,0.0,388.0513535,419.22850040000003,35,35,0,1.0,0.0,35,35,1.0,35,0,0.0,579.233281,686.7705170999999,12,12,0,1.0,0.0,0,0,,0,0,,2237.805202,2660.02794625,35.139315059,,,,,,,,,,,,,,,,,,,,,
/home/amir/project/ai-fusion-scheduler-v0.2.0/ai-fusion-scheduler/results/paper-final-v1/light/rustland/rep-05/tasks.csv,light,5,rustland,rustland,4,67,67,0,0,67,0,55,55,55,55,0,0,1.0,0.0,1.0,0.0,0.0,1.0,0.0,827.2662299402984,537.500899,2456.8244471999997,2.0137857095932805,1.6531076720541853,0.40220771814859196,0.9999944297306778,0.13,245925,0.007391645531816827,20,20,0,1.0,0.0,20,20,1.0,20,0,0.0,369.105842,434.62939760000006,35,35,0,1.0,0.0,35,35,1.0,35,0,0.0,575.430853,697.5177105,12,12,0,1.0,0.0,0,0,,0,0,,2300.0759425,2640.46589305,33.270670102,,,,,,,,,,,,,,,,,,,,,
/home/amir/project/ai-fusion-scheduler-v0.2.0/ai-fusion-scheduler/results/paper-final-v1/light/rustland/rep-06/tasks.csv,light,6,rustland,rustland,4,67,67,0,0,67,0,55,55,55,55,0,0,1.0,0.0,1.0,0.0,0.0,1.0,0.0,846.6288971791045,587.057762,2526.6674964999997,1.4794798486871208,1.2144983832506215,0.29758780726719636,0.9999569907884084,1.31,571315,0.012615657160487797,20,20,0,1.0,0.0,20,20,1.0,20,0,0.0,362.683984,428.47081710000003,35,35,0,1.0,0.0,35,35,1.0,35,0,0.0,616.844699,701.7686388,12,12,0,1.0,0.0,0,0,,0,0,,2420.86872,2656.0213056499997,45.286186263,,,,,,,,,,,,,,,,,,,,,
/home/amir/project/ai-fusion-scheduler-v0.2.0/ai-fusion-scheduler/results/paper-final-v1/light/rustland/rep-07/tasks.csv,light,7,rustland,rustland,4,67,67,0,0,67,0,55,55,55,55,0,0,1.0,0.0,1.0,0.0,0.0,1.0,0.0,832.2032751492537,544.041235,2338.4274155,1.9212520302731542,1.5771471890302013,0.3855797029499135,0.9999945318362126,0.22,235628,0.006756727961032877,20,20,0,1.0,0.0,20,20,1.0,20,0,0.0,386.023859,427.44775325,35,35,0,1.0,0.0,35,35,1.0,35,0,0.0,591.779374,691.0350864,12,12,0,1.0,0.0,0,0,,0,0,,2324.9670275,2614.5848106,34.873092621,,,,,,,,,,,,,,,,,,,,,
/home/amir/project/ai-fusion-scheduler-v0.2.0/ai-fusion-scheduler/results/paper-final-v1/light/rustland/rep-08/tasks.csv,light,8,rustland,rustland,4,67,67,0,0,67,0,55,55,55,55,0,0,1.0,0.0,1.0,0.0,0.0,1.0,0.0,831.7811629850746,545.129681,2479.3432924999997,1.3573143175327247,1.1142132457358187,0.27117339558499837,0.99998749168464,0.0,252155,0.0051082625632457345,20,20,0,1.0,0.0,20,20,1.0,20,0,0.0,384.6783435,423.57385055,35,35,0,1.0,0.0,35,35,1.0,35,0,0.0,595.72769,699.6888389000001,12,12,0,1.0,0.0,0,0,,0,0,,2209.9516505,2691.33731915,49.362184672,,,,,,,,,,,,,,,,,,,,,
/home/amir/project/ai-fusion-scheduler-v0.2.0/ai-fusion-scheduler/results/paper-final-v1/light/rustland/rep-09/tasks.csv,light,9,rustland,rustland,4,67,67,0,0,67,0,55,55,55,55,0,0,1.0,0.0,1.0,0.0,0.0,1.0,0.0,834.4797048208956,561.614023,2401.5889841,2.0419637938100785,1.6762389352172287,0.40609415400982724,0.9999991016705496,0.4,420017,0.012800888160966086,20,20,0,1.0,0.0,20,20,1.0,20,0,0.0,392.079613,421.57284834999996,35,35,0,1.0,0.0,35,35,1.0,35,0,0.0,594.96334,708.7070971999999,12,12,0,1.0,0.0,0,0,,0,0,,2212.7584225,2687.5673101,32.811551411,,,,,,,,,,,,,,,,,,,,,
/home/amir/project/ai-fusion-scheduler-v0.2.0/ai-fusion-scheduler/results/paper-final-v1/overload/eevdf/rep-00/tasks.csv,overload-bursty,0,eevdf,eevdf,4,770,770,0,0,770,0,720,720,0,720,720,720,0.0,1.0,1.0,0.0,0.0,1.0,1.0,71746.02275156234,71416.07535,130706.22682069999,4.528584468430358,0.0,0.9940098458460823,0.9998083038853115,99.78,168409447,0.9904628649625267,240,240,0,1.0,0.0,240,0,0.0,240,240,1.0,60866.4573795,125139.16803234997,480,480,0,1.0,0.0,480,0,0.0,480,480,1.0,66424.320466,128652.15981089999,50,50,0,1.0,0.0,0,0,,0,0,,141214.01723350002,147169.51739675,170.031056143,,,,,,,,,,,,,,,,,,,,,
/home/amir/project/ai-fusion-scheduler-v0.2.0/ai-fusion-scheduler/results/paper-final-v1/overload/eevdf/rep-01/tasks.csv,overload-bursty,1,eevdf,eevdf,4,770,770,0,0,770,0,720,720,0,720,720,720,0.0,1.0,1.0,0.0,0.0,1.0,1.0,71923.23681432467,71407.8530595,130566.23365005,4.512045995380222,0.0,0.9923926757246466,0.9998182446120738,93.24,168765652,0.9889329665770548,240,240,0,1.0,0.0,240,0,0.0,240,240,1.0,62275.4303305,123691.6616059,480,480,0,1.0,0.0,480,0,0.0,480,480,1.0,69503.5364865,128309.362411,50,50,0,1.0,0.0,0,0,,0,0,,141045.957323,147184.77651330002,170.654288717,,,,,,,,,,,,,,,,,,,,,
/home/amir/project/ai-fusion-scheduler-v0.2.0/ai-fusion-scheduler/results/paper-final-v1/overload/eevdf/rep-02/tasks.csv,overload-bursty,2,eevdf,eevdf,4,770,770,0,0,770,0,720,720,0,720,720,720,0.0,1.0,1.0,0.0,0.0,1.0,1.0,71305.88519926883,69659.0464945,129694.95138839999,4.53619315242273,0.0,0.9911009420302164,0.9998838963994409,97.08,167200749,0.9850063541477294,240,240,0,1.0,0.0,240,0,0.0,240,240,1.0,60278.720773,123445.86552399998,480,480,0,1.0,0.0,480,0,0.0,480,480,1.0,66537.45635200001,127761.48881255,50,50,0,1.0,0.0,0,0,,0,0,,138698.1847785,148095.83196285,169.745858284,,,,,,,,,,,,,,,,,,,,,
/home/amir/project/ai-fusion-scheduler-v0.2.0/ai-fusion-scheduler/results/paper-final-v1/overload/eevdf/rep-03/tasks.csv,overload-bursty,3,eevdf,eevdf,4,770,770,0,0,770,0,720,720,0,720,720,720,0.0,1.0,1.0,0.0,0.0,1.0,1.0,71436.04592222728,69131.57789799999,131585.85022905,4.480631171986177,0.0,0.9928400837476294,0.9998673048644786,99.15,169865122,0.9884454034629025,240,240,0,1.0,0.0,240,0,0.0,240,240,1.0,61242.3907205,126504.30950624999,480,480,0,1.0,0.0,480,0,0.0,480,480,1.0,67145.27556499999,128485.57552304999,50,50,0,1.0,0.0,0,0,,0,0,,143514.7721445,148295.86714694998,171.850788526,,,,,,,,,,,,,,,,,,,,,
/home/amir/project/ai-fusion-scheduler-v0.2.0/ai-fusion-scheduler/results/paper-final-v1/overload/eevdf/rep-04/tasks.csv,overload-bursty,4,eevdf,eevdf,4,770,770,0,0,770,0,720,720,0,720,720,720,0.0,1.0,1.0,0.0,0.0,1.0,1.0,71551.87942116623,69917.2057335,130002.4428893,4.53695560747137,0.0,0.9940919462931714,0.9998899770599347,99.02,167895940,0.9892680863047749,240,240,0,1.0,0.0,240,0,0.0,240,240,1.0,60794.587809000004,123434.71550075,480,480,0,1.0,0.0,480,0,0.0,480,480,1.0,67007.5773375,127751.61819804998,50,50,0,1.0,0.0,0,0,,0,0,,140835.052268,148870.98548540002,169.717331757,,,,,,,,,,,,,,,,,,,,,
/home/amir/project/ai-fusion-scheduler-v0.2.0/ai-fusion-scheduler/results/paper-final-v1/overload/eevdf/rep-05/tasks.csv,overload-bursty,5,eevdf,eevdf,4,770,770,0,0,770,0,720,720,0,720,720,720,0.0,1.0,1.0,0.0,0.0,1.0,1.0,71556.97470982987,69538.24548700001,129794.9593317,4.533020158210922,0.0,0.990101825296277,0.9999163645126309,98.36,167370780,0.9853183371889422,240,240,0,1.0,0.0,240,0,0.0,240,240,1.0,60817.0665345,123920.60870580001,480,480,0,1.0,0.0,480,0,0.0,480,480,1.0,66682.510813,127341.73907049999,50,50,0,1.0,0.0,0,0,,0,0,,140070.27121799998,148080.0251074,169.864675895,,,,,,,,,,,,,,,,,,,,,
/home/amir/project/ai-fusion-scheduler-v0.2.0/ai-fusion-scheduler/results/paper-final-v1/overload/eevdf/rep-06/tasks.csv,overload-bursty,6,eevdf,eevdf,4,770,770,0,0,770,0,720,720,0,720,720,720,0.0,1.0,1.0,0.0,0.0,1.0,1.0,71828.03101473376,70639.73957100001,130202.37490180001,4.522708662002325,0.0,0.988841686964599,0.9999128875795141,98.29,167531448,0.9840206896459636,240,240,0,1.0,0.0,240,0,0.0,240,240,1.0,62344.071194000004,125711.49415814999,480,480,0,1.0,0.0,480,0,0.0,480,480,1.0,67634.599348,127730.70712829998,50,50,0,1.0,0.0,0,0,,0,0,,139885.94369749998,145966.62213660002,170.251956857,,,,,,,,,,,,,,,,,,,,,
/home/amir/project/ai-fusion-scheduler-v0.2.0/ai-fusion-scheduler/results/paper-final-v1/overload/eevdf/rep-07/tasks.csv,overload-bursty,7,eevdf,eevdf,4,770,770,0,0,770,0,720,720,0,720,720,720,0.0,1.0,1.0,0.0,0.0,1.0,1.0,72184.08760052857,70907.0300645,131773.04147625,4.515188890882075,0.0,0.9919692008787814,0.9999159540035911,87.73,168137442,0.9859380652723757,240,240,0,1.0,0.0,240,0,0.0,240,240,1.0,62049.8737025,125947.48721850001,480,480,0,1.0,0.0,480,0,0.0,480,480,1.0,67227.61872,128674.89656345,50,50,0,1.0,0.0,0,0,,0,0,,139897.86874,146881.3792461,170.535501085,,,,,,,,,,,,,,,,,,,,,
/home/amir/project/ai-fusion-scheduler-v0.2.0/ai-fusion-scheduler/results/paper-final-v1/overload/eevdf/rep-08/tasks.csv,overload-bursty,8,eevdf,eevdf,4,770,770,0,0,770,0,720,720,0,720,720,720,0.0,1.0,1.0,0.0,0.0,1.0,1.0,71351.69364927922,70631.0304715,129419.59354435,4.605256515693602,0.0,0.9929616272552736,0.9999768898584467,92.2,164657925,0.9847947817751149,240,240,0,1.0,0.0,240,0,0.0,240,240,1.0,62623.0339725,124241.81809370001,480,480,0,1.0,0.0,480,0,0.0,480,480,1.0,67064.58395249999,127363.20489819997,50,50,0,1.0,0.0,0,0,,0,0,,138042.35074800003,144414.19024710002,167.200241154,,,,,,,,,,,,,,,,,,,,,
/home/amir/project/ai-fusion-scheduler-v0.2.0/ai-fusion-scheduler/results/paper-final-v1/overload/eevdf/rep-09/tasks.csv,overload-bursty,9,eevdf,eevdf,4,770,770,0,0,770,0,720,720,0,720,720,720,0.0,1.0,1.0,0.0,0.0,1.0,1.0,71119.42020616624,70338.8155375,129023.6453685,4.544212492592957,0.0,0.9907300038711442,0.9999257344143063,96.22,167098125,0.9861420611868303,240,240,0,1.0,0.0,240,0,0.0,240,240,1.0,61481.7120685,123943.96426129997,480,480,0,1.0,0.0,480,0,0.0,480,480,1.0,66973.55100949999,126951.717765,50,50,0,1.0,0.0,0,0,,0,0,,139567.67060349998,146161.98439469998,169.446301478,,,,,,,,,,,,,,,,,,,,,
/home/amir/project/ai-fusion-scheduler-v0.2.0/ai-fusion-scheduler/results/paper-final-v1/overload/proposed/rep-00/tasks.csv,overload-bursty,0,proposed,proposed,4,770,154,6,616,154,0,147,720,89,147,58,58,0.12361111111111112,0.3945578231292517,0.2,0.007792207792207792,0.8,0.2,0.3945578231292517,3007.6154908246754,1886.8530295,7839.384908699998,5.135900236412678,2.9681501366281062,0.9675379617821519,0.9991384154566251,78.4,25558798,0.8523859525365187,240,122,118,0.5083333333333333,0.49166666666666664,240,74,0.30833333333333335,122,48,0.39344262295081966,1656.936596,3014.3946626999996,480,25,455,0.052083333333333336,0.9479166666666666,480,15,0.03125,25,10,0.4,4407.082158,7687.921339999999,50,7,43,0.14,0.86,0,0,,0,0,,19796.903801,21329.289336199996,29.985006116,147.758375,0.004927742033080865,4872,50,0,4922,4922,4922,42526,0.1157409584724639,0.34137760428914077,2949.4969524583503,128.162,181.25177345623854,185186.263,4918,0,0,0,0,0
/home/amir/project/ai-fusion-scheduler-v0.2.0/ai-fusion-scheduler/results/paper-final-v1/overload/proposed/rep-01/tasks.csv,overload-bursty,1,proposed,proposed,4,770,155,7,615,155,0,148,720,100,148,48,48,0.1388888888888889,0.32432432432432434,0.2012987012987013,0.00909090909090909,0.7987012987012987,0.2012987012987013,0.32432432432432434,2967.9135977806454,1741.71583,8688.925704799993,5.182651763604048,3.3436462990993863,0.9739035659894392,0.9997422198299838,76.89,25298164,0.8458811243260932,240,121,119,0.5041666666666667,0.49583333333333335,240,83,0.3458333333333333,121,38,0.3140495867768595,1454.832446,2971.809498,480,27,453,0.05625,0.94375,480,17,0.035416666666666666,27,10,0.37037037037037035,4349.997467,8510.5859657,50,7,43,0.14,0.86,0,0,,0,0,,18359.344679,20306.597002,29.907469587,157.789629,0.005275927090421152,4447,43,0,4490,4490,4490,60967,0.07364639887152066,0.2597112372266964,3526.4621380846324,72.541,127.2429951941214,439387.723,4489,0,0,0,0,0
/home/amir/project/ai-fusion-scheduler-v0.2.0/ai-fusion-scheduler/results/paper-final-v1/overload/proposed/rep-02/tasks.csv,overload-bursty,2,proposed,proposed,4,770,154,6,616,154,0,147,720,76,147,71,71,0.10555555555555556,0.48299319727891155,0.2,0.007792207792207792,0.8,0.2,0.48299319727891155,3152.346535279221,2056.875917,6609.376421849999,5.142324406444267,2.5377704862971706,0.971687801744083,0.9994595755183163,83.41,26470975,0.8839113039277664,240,123,117,0.5125,0.4875,240,63,0.2625,123,60,0.4878048780487805,1814.900964,3213.310215899998,480,24,456,0.05,0.95,480,13,0.027083333333333334,24,11,0.4583333333333333,4531.8442985,6546.6579518,50,7,43,0.14,0.86,0,0,,0,0,,21157.9296,23075.1716356,29.94754664,150.361527,0.005020829545989147,4965,45,0,5010,5010,5010,64775,0.07734465457352374,0.2289939637205712,2960.695409181637,151.088,117.93951876495562,577588.394,5007,0,0,0,0,0
/home/amir/project/ai-fusion-scheduler-v0.2.0/ai-fusion-scheduler/results/paper-final-v1/overload/proposed/rep-03/tasks.csv,overload-bursty,3,proposed,proposed,4,770,164,4,606,164,0,157,720,95,157,62,62,0.13194444444444445,0.39490445859872614,0.21298701298701297,0.005194805194805195,0.787012987012987,0.21298701298701297,0.39490445859872614,3094.050018609756,1870.102339,6244.0396059,5.343965268847109,3.095589637441923,0.969339084854897,0.9984489301344274,91.31,28111035,0.9160024067764969,240,132,108,0.55,0.45,240,77,0.32083333333333336,132,55,0.4166666666666667,1662.4196005,3121.5731607499993,480,25,455,0.052083333333333336,0.9479166666666666,480,18,0.0375,25,7,0.28,3368.180343,6243.3963892,50,7,43,0.14,0.86,0,0,,0,0,,24132.636508,27138.272781300002,30.688822204,370.769552,0.012081582979475624,13751,105,0,13856,13856,13856,116967,0.11846076243726864,0.31228777347456976,2636.2127598152424,221.377,153.8616057520497,127107.319,13854,0,0,0,0,0
/home/amir/project/ai-fusion-scheduler-v0.2.0/ai-fusion-scheduler/results/paper-final-v1/overload/proposed/rep-04/tasks.csv,overload-bursty,4,proposed,proposed,4,770,164,4,606,164,0,157,720,125,157,32,32,0.1736111111111111,0.20382165605095542,0.21298701298701297,0.005194805194805195,0.787012987012987,0.21298701298701297,0.20382165605095542,2990.7274567743902,1549.8820420000002,5848.30016015,5.163723384697345,3.935764774921757,0.9547151238356779,0.9978397207524997,91.78,28405900,0.8943915249595995,240,134,106,0.5583333333333333,0.44166666666666665,240,109,0.45416666666666666,134,25,0.1865671641791045,1453.9538975,2431.1541721999993,480,23,457,0.04791666666666667,0.9520833333333333,480,16,0.03333333333333333,23,7,0.30434782608695654,3642.822157,5855.3422381,50,7,43,0.14,0.86,0,0,,0,0,,28374.490728,30341.7769264,31.760028139,605.635135,0.01906909944630386,23995,164,0,24159,24159,24159,8113,2.977813385923826,7.968210772833723,2675.859679622501,386.314,4182.7245070873905,1102602.628,24159,0,0,0,0,0
/home/amir/project/ai-fusion-scheduler-v0.2.0/ai-fusion-scheduler/results/paper-final-v1/overload/proposed/rep-05/tasks.csv,overload-bursty,5,proposed,proposed,4,770,156,4,614,156,0,149,720,80,149,69,69,0.1111111111111111,0.46308724832214765,0.2025974025974026,0.005194805194805195,0.7974025974025974,0.2025974025974026,0.46308724832214765,2992.337343826923,2035.890336,7041.63919575,5.237906425878494,2.686105859424869,0.9740469640799975,0.9992870857087033,80.27,25858770,0.8682424201815002,240,128,112,0.5333333333333333,0.4666666666666667,240,71,0.29583333333333334,128,57,0.4453125,1684.825372,2889.35742265,480,21,459,0.04375,0.95625,480,9,0.01875,21,12,0.5714285714285714,4952.529391,6594.262813,50,7,43,0.14,0.86,0,0,,0,0,,18374.377418,22880.224443699997,29.782891735,158.38855,0.00531810515276011,4922,46,0,4968,4968,4968,73455,0.0676332448437819,0.19941306922605676,2948.447463768116,196.862,104.02786810972705,533209.433,4967,0,0,0,0,0
/home/amir/project/ai-fusion-scheduler-v0.2.0/ai-fusion-scheduler/results/paper-final-v1/overload/proposed/rep-06/tasks.csv,overload-bursty,6,proposed,proposed,4,770,158,5,612,158,0,151,720,94,151,57,57,0.13055555555555556,0.37748344370860926,0.2051948051948052,0.006493506493506494,0.7948051948051948,0.2051948051948052,0.37748344370860926,2854.808919734177,1759.364442,7150.866014900003,5.259204028301785,3.128893535825113,0.9728423607677771,0.9988816818974784,75.56,25605826,0.8523181218176873,240,129,111,0.5375,0.4625,240,82,0.3416666666666667,129,47,0.3643410852713178,1500.577053,2818.3833812000003,480,22,458,0.04583333333333333,0.9541666666666667,480,12,0.025,22,10,0.45454545454545453,4703.8360955,7051.33769295,50,7,43,0.14,0.86,0,0,,0,0,,18188.505949,21837.870872,30.042569018,160.195683,0.005332289755380732,4895,47,0,4942,4942,4942,68623,0.07201667079550587,0.22175895836672838,3079.2725617159044,201.146,113.65871901549043,266050.48,4941,0,0,0,0,0
/home/amir/project/ai-fusion-scheduler-v0.2.0/ai-fusion-scheduler/results/paper-final-v1/overload/proposed/rep-07/tasks.csv,overload-bursty,7,proposed,proposed,4,770,154,6,616,154,0,147,720,79,147,68,68,0.10972222222222222,0.46258503401360546,0.2,0.007792207792207792,0.8,0.2,0.46258503401360546,3232.9477822532467,2219.9514995,6826.833161549998,5.175762196886236,2.6550987893117703,0.9722045700770616,0.9976996354686827,86.82,26767076,0.8996105200128626,240,120,120,0.5,0.5,240,64,0.26666666666666666,120,56,0.4666666666666667,1789.8286309999999,3089.3074188999994,480,27,453,0.05625,0.94375,480,15,0.03125,27,12,0.4444444444444444,3862.485505,6704.441274299999,50,7,43,0.14,0.86,0,0,,0,0,,20768.299249,22483.2293141,29.754071795,181.808651,0.0061103788500823574,4829,46,0,4875,4875,4875,136659,0.03567273286062389,0.11934152891503669,3345.4551794871795,240.216,55.85614438858765,203246.785,4875,0,0,0,0,0
/home/amir/project/ai-fusion-scheduler-v0.2.0/ai-fusion-scheduler/results/paper-final-v1/overload/proposed/rep-08/tasks.csv,overload-bursty,8,proposed,proposed,4,770,163,6,607,163,0,156,720,109,156,47,47,0.15138888888888888,0.30128205128205127,0.21168831168831168,0.007792207792207792,0.7883116883116883,0.21168831168831168,0.30128205128205127,2848.708248656442,1692.545785,5989.561396800002,5.445454711316172,3.6414390400825933,0.9743195325341051,0.9982620255504261,84.64,27108501,0.9056326042157616,240,131,109,0.5458333333333333,0.45416666666666666,240,90,0.375,131,41,0.31297709923664124,1596.732701,2641.08693,480,25,455,0.052083333333333336,0.9479166666666666,480,19,0.03958333333333333,25,6,0.24,4345.930495,5976.878928599999,50,7,43,0.14,0.86,0,0,,0,0,,20511.581339,25947.767621899995,29.933221125,344.334356,0.01150341804385411,10957,84,0,11041,11041,11041,66296,0.16654096778086158,0.5380155212984192,3230.5295715967754,1780.955,230.59872725352963,223746.248,11041,0,0,0,0,0
/home/amir/project/ai-fusion-scheduler-v0.2.0/ai-fusion-scheduler/results/paper-final-v1/overload/proposed/rep-09/tasks.csv,overload-bursty,9,proposed,proposed,4,770,166,4,604,166,0,159,720,112,159,47,47,0.15555555555555556,0.29559748427672955,0.21558441558441557,0.005194805194805195,0.7844155844155845,0.21558441558441557,0.29559748427672955,2614.3824613433735,1600.5180615,8019.1133387499995,5.502885782654045,3.7127904075738134,0.9761294460047548,0.9952904373861993,76.17,25579752,0.8479665879796167,240,137,103,0.5708333333333333,0.42916666666666664,240,99,0.4125,137,38,0.2773722627737226,1419.939,2826.003679799999,480,22,458,0.04583333333333333,0.9541666666666667,480,13,0.027083333333333334,22,9,0.4090909090909091,4370.734053,8250.470022949998,50,7,43,0.14,0.86,0,0,,0,0,,16498.194495,17455.049761299997,30.165990456,275.904702,0.009146217240983138,4571,43,0,4614,4614,4614,156202,0.029538674280739044,0.14207695804151035,4809.862375379281,452.215,48.971265169460054,203697.388,4614,0,0,0,0,0
/home/amir/project/ai-fusion-scheduler-v0.2.0/ai-fusion-scheduler/results/paper-final-v1/overload/proposed-no-admission/rep-00/tasks.csv,overload-bursty,0,proposed-no-admission,proposed,4,770,770,0,0,770,0,720,720,11,720,709,709,0.015277777777777777,0.9847222222222223,1.0,0.0,0.0,1.0,0.9847222222222223,71464.47027262858,70935.992166,130753.33208084998,4.522270215107751,0.06460386021582501,0.9932527304075375,0.9997464407858812,99.87,168132942,0.9874579166039468,240,240,0,1.0,0.0,240,8,0.03333333333333333,240,232,0.9666666666666667,60338.0908135,126513.00376549999,480,480,0,1.0,0.0,480,3,0.00625,480,477,0.99375,68382.65929000001,128430.01847444997,50,50,0,1.0,0.0,0,0,,0,0,,140896.33789949998,148460.2020625,170.268463266,114.816291,0.0006743250558421352,5895,124,0,6019,6019,6019,39063,0.15408442771932518,0.2770310524025293,1797.9172620036552,126.913,200.71827760284668,173911.712,6019,0,0,0,0,0
/home/amir/project/ai-fusion-scheduler-v0.2.0/ai-fusion-scheduler/results/paper-final-v1/overload/proposed-no-admission/rep-01/tasks.csv,overload-bursty,1,proposed-no-admission,proposed,4,770,770,0,0,770,0,720,720,10,720,710,710,0.013888888888888888,0.9861111111111112,1.0,0.0,0.0,1.0,0.9861111111111112,71403.96533596104,70898.3420085,130192.34032615,4.5086358226864744,0.05855371198294122,0.9921758962272755,0.9997957756721748,89.08,168212064,0.9849440747512076,240,240,0,1.0,0.0,240,8,0.03333333333333333,240,232,0.9666666666666667,61661.7547425,123547.3506216,480,480,0,1.0,0.0,480,2,0.004166666666666667,480,478,0.9958333333333333,68165.2797205,127590.78535745,50,50,0,1.0,0.0,0,0,,0,0,,140710.124306,146856.04340109997,170.783365586,136.2521,0.0007978066220470906,5979,127,0,6106,6106,6106,81421,0.07499293793984353,0.1408588816153081,1878.2952833278741,51.833,96.18557523243389,201017.466,6103,0,0,0,0,0
/home/amir/project/ai-fusion-scheduler-v0.2.0/ai-fusion-scheduler/results/paper-final-v1/overload/proposed-no-admission/rep-02/tasks.csv,overload-bursty,2,proposed-no-admission,proposed,4,770,770,0,0,770,0,720,720,13,720,707,707,0.018055555555555554,0.9819444444444444,1.0,0.0,0.0,1.0,0.9819444444444444,70927.02308033247,69213.99403500001,130305.6786094,4.531464966497591,0.07650525268112816,0.9906376098686831,0.9998892875755682,96.87,167240046,0.9842109213564227,240,240,0,1.0,0.0,240,11,0.04583333333333333,240,229,0.9541666666666667,60125.658287,124481.15556355001,480,480,0,1.0,0.0,480,2,0.004166666666666667,480,478,0.9958333333333333,66314.2814625,128252.78209329999,50,50,0,1.0,0.0,0,0,,0,0,,139088.132638,146877.13058499998,169.922973187,154.76761,0.0009108103930695613,5535,121,0,5656,5656,5656,121311,0.04662396649932817,0.10608723034184864,2275.379773691655,260.258,63.752552942437205,615666.08,5654,0,0,0,0,0
/home/amir/project/ai-fusion-scheduler-v0.2.0/ai-fusion-scheduler/results/paper-final-v1/overload/proposed-no-admission/rep-03/tasks.csv,overload-bursty,3,proposed-no-admission,proposed,4,770,770,0,0,770,0,720,720,12,720,708,708,0.016666666666666666,0.9833333333333333,1.0,0.0,0.0,1.0,0.9833333333333333,71307.5597013,68996.669558,131870.46901504998,4.475618324611073,0.06974989596796477,0.9926617888356832,0.9998458408285018,99.09,169877489,0.9874114320874232,240,240,0,1.0,0.0,240,9,0.0375,240,231,0.9625,61769.995477000004,126149.83419370001,480,480,0,1.0,0.0,480,3,0.00625,480,477,0.99375,67091.24767400001,129215.29856709999,50,50,0,1.0,0.0,0,0,,0,0,,143323.2562975,148166.25235725002,172.043267355,121.389119,0.000705573201824408,5602,123,0,5725,5725,5725,56105,0.10204081632653061,0.19483673469387755,1909.4,50.551,139.77680711166565,192049.074,5725,0,0,0,0,0
/home/amir/project/ai-fusion-scheduler-v0.2.0/ai-fusion-scheduler/results/paper-final-v1/overload/proposed-no-admission/rep-04/tasks.csv,overload-bursty,4,proposed-no-admission,proposed,4,770,770,0,0,770,0,720,720,18,720,702,702,0.025,0.975,1.0,0.0,0.0,1.0,0.975,71180.9644690948,70460.815179,130299.06417269999,4.527861162401294,0.10584610509509519,0.992639269232357,0.9999123460445527,98.7,167698868,0.9861262225920275,240,240,0,1.0,0.0,240,16,0.06666666666666667,240,224,0.9333333333333333,61577.355695000006,124782.45897929999,480,480,0,1.0,0.0,480,2,0.004166666666666667,480,478,0.9958333333333333,65872.4522825,128166.9225744,50,50,0,1.0,0.0,0,0,,0,0,,141336.313128,148978.23526669998,170.058217861,105.103959,0.0006180469272346987,5921,128,0,6049,6049,6049,50814,0.11904199630023223,0.18021171330735625,1513.8498925442223,43.504,149.6778807218483,447774.799,6046,0,0,0,0,0
/home/amir/project/ai-fusion-scheduler-v0.2.0/ai-fusion-scheduler/results/paper-final-v1/overload/proposed-no-admission/rep-05/tasks.csv,overload-bursty,5,proposed-no-admission,proposed,4,770,770,0,0,770,0,720,720,11,720,709,709,0.015277777777777777,0.9847222222222223,1.0,0.0,0.0,1.0,0.9847222222222223,71272.115755,69441.03934250001,130575.58965669999,4.546802901465413,0.06495432716379161,0.9936339563417133,0.9999289452099664,97.71,167364552,0.9882774423844921,240,240,0,1.0,0.0,240,8,0.03333333333333333,240,232,0.9666666666666667,60489.4025305,124356.13143370001,480,480,0,1.0,0.0,480,3,0.00625,480,477,0.99375,66585.79498899999,128216.5654522,50,50,0,1.0,0.0,0,0,,0,0,,139919.5590345,147758.405946,169.34976437,143.228256,0.0008457540908475726,5626,122,0,5748,5748,5748,96092,0.0598176747283853,0.1388123465012696,2320.5908141962423,240.683,81.17504253215668,406640.723,5744,0,0,0,0,0
/home/amir/project/ai-fusion-scheduler-v0.2.0/ai-fusion-scheduler/results/paper-final-v1/overload/proposed-no-admission/rep-06/tasks.csv,overload-bursty,6,proposed-no-admission,proposed,4,770,770,0,0,770,0,720,720,18,720,702,702,0.025,0.975,1.0,0.0,0.0,1.0,0.975,71475.45653733896,70006.0900685,130552.93694355,4.5167519701594445,0.10558640969203897,0.9884994607074375,0.9999029898876792,85.41,167806608,0.9843387367399657,240,240,0,1.0,0.0,240,11,0.04583333333333333,240,229,0.9541666666666667,62560.1225545,126215.44235809997,480,480,0,1.0,0.0,480,7,0.014583333333333334,480,473,0.9854166666666667,67028.92272450001,128372.5768613,50,50,0,1.0,0.0,0,0,,0,0,,140041.57450649998,147766.45121895,170.476485113,154.39385,0.0009056606833350672,5592,131,0,5723,5723,5723,97725,0.058562292146328986,0.14295666410846763,2441.1043159182245,580.532,79.4141028907649,132469.205,5719,0,0,0,0,0
/home/amir/project/ai-fusion-scheduler-v0.2.0/ai-fusion-scheduler/results/paper-final-v1/overload/proposed-no-admission/rep-07/tasks.csv,overload-bursty,7,proposed-no-admission,proposed,4,770,770,0,0,770,0,720,720,15,720,705,705,0.020833333333333332,0.9791666666666666,1.0,0.0,0.0,1.0,0.9791666666666666,71794.61020747403,70243.105399,131820.8300499,4.511060294026923,0.08787779793558942,0.9917594847909007,0.9999079427804358,88.75,168150340,0.9851121067547106,240,240,0,1.0,0.0,240,11,0.04583333333333333,240,229,0.9541666666666667,62268.720142000006,126422.25886185,480,480,0,1.0,0.0,480,4,0.008333333333333333,480,476,0.9916666666666667,66240.7473345,129897.00700205001,50,50,0,1.0,0.0,0,0,,0,0,,139931.282911,146700.63490045,170.691577991,118.627528,0.0006949817290121651,5846,129,0,5975,5975,5975,42975,0.13903432228039558,0.250101524141943,1798.8473640167365,119.256,181.0456807678883,181491.579,5973,0,0,0,0,0
/home/amir/project/ai-fusion-scheduler-v0.2.0/ai-fusion-scheduler/results/paper-final-v1/overload/proposed-no-admission/rep-08/tasks.csv,overload-bursty,8,proposed-no-admission,proposed,4,770,770,0,0,770,0,720,720,17,720,703,703,0.02361111111111111,0.9763888888888889,1.0,0.0,0.0,1.0,0.9763888888888889,70945.37361486754,70084.005087,129490.48734445,4.595828971322955,0.101466353912325,0.9915582390016088,0.999890673585658,93.83,164825319,0.9837778912568156,240,240,0,1.0,0.0,240,13,0.05416666666666667,240,227,0.9458333333333333,61902.567066999996,122354.69233439998,480,480,0,1.0,0.0,480,4,0.008333333333333333,480,476,0.9916666666666667,66675.949083,127584.0528099,50,50,0,1.0,0.0,0,0,,0,0,,138328.4527275,144480.95532115002,167.543223389,141.051712,0.000841882525278314,5523,120,0,5643,5643,5643,80592,0.07001935675997617,0.1562138673813778,2231.009746588694,150.873,97.07450089338892,203240.382,5641,0,0,0,0,0
/home/amir/project/ai-fusion-scheduler-v0.2.0/ai-fusion-scheduler/results/paper-final-v1/overload/proposed-no-admission/rep-09/tasks.csv,overload-bursty,9,proposed-no-admission,proposed,4,770,770,0,0,770,0,720,720,11,720,709,709,0.015277777777777777,0.9847222222222223,1.0,0.0,0.0,1.0,0.9847222222222223,70758.83414150518,70571.37786450001,129107.12498329999,4.533543483269443,0.06476490690384919,0.9888908391768384,0.9999299860010967,97.74,167214622,0.9845126751629394,240,240,0,1.0,0.0,240,8,0.03333333333333333,240,232,0.9666666666666667,60829.8528315,123544.8396677,480,480,0,1.0,0.0,480,3,0.00625,480,477,0.99375,66731.406648,126562.1116083,50,50,0,1.0,0.0,0,0,,0,0,,139804.8152785,146776.56624105,169.845067736,150.551438,0.0008864045333009658,5822,124,0,5946,5946,5946,79897,0.0744208168016321,0.16122062155024594,2166.3377060208545,208.878,97.34681715208332,189159.239,5942,0,0,0,0,0
/home/amir/project/ai-fusion-scheduler-v0.2.0/ai-fusion-scheduler/results/paper-final-v1/overload/rustland/rep-00/tasks.csv,overload-bursty,0,rustland,rustland,4,770,770,0,0,770,0,720,720,0,720,720,720,0.0,1.0,1.0,0.0,0.0,1.0,1.0,67466.41023751428,65110.369425,144409.54973845,4.537707643780691,0.0,0.9937292961309069,0.9999804710233058,99.99,168445417,0.9926702029619819,240,240,0,1.0,0.0,240,0,0.0,240,240,1.0,55225.857621,105757.99508574998,480,480,0,1.0,0.0,480,0,0.0,480,480,1.0,62563.5031915,111369.5471274,50,50,0,1.0,0.0,0,0,,0,0,,149453.743933,162752.07857645,169.689204428,,,,,,,,,,,,,,,,,,,,,
/home/amir/project/ai-fusion-scheduler-v0.2.0/ai-fusion-scheduler/results/paper-final-v1/overload/rustland/rep-01/tasks.csv,overload-bursty,1,rustland,rustland,4,770,770,0,0,770,0,720,720,0,720,720,720,0.0,1.0,1.0,0.0,0.0,1.0,1.0,67439.50925582208,65479.147855999996,143510.73643004996,4.532035055806772,0.0,0.9941085213490709,0.9999068443802197,99.99,168622431,0.9924711279056606,240,240,0,1.0,0.0,240,0,0.0,240,240,1.0,56945.024783999994,104045.60354245,480,480,0,1.0,0.0,480,0,0.0,480,480,1.0,63920.6167515,110084.38461745,50,50,0,1.0,0.0,0,0,,0,0,,149631.7289635,161273.39574965,169.901598403,,,,,,,,,,,,,,,,,,,,,
/home/amir/project/ai-fusion-scheduler-v0.2.0/ai-fusion-scheduler/results/paper-final-v1/overload/rustland/rep-02/tasks.csv,overload-bursty,2,rustland,rustland,4,770,770,0,0,770,0,720,720,0,720,720,720,0.0,1.0,1.0,0.0,0.0,1.0,1.0,66702.90383421558,63828.2804905,143177.2996892,4.557844944856479,0.0,0.9934741514672399,0.9999351807020289,99.62,167591637,0.9920216824684052,240,240,0,1.0,0.0,240,0,0.0,240,240,1.0,55804.273241,103389.41986924998,480,480,0,1.0,0.0,480,0,0.0,480,480,1.0,62369.919841,110284.18171734999,50,50,0,1.0,0.0,0,0,,0,0,,149110.003019,162287.73545295,168.939489894,,,,,,,,,,,,,,,,,,,,,
/home/amir/project/ai-fusion-scheduler-v0.2.0/ai-fusion-scheduler/results/paper-final-v1/overload/rustland/rep-03/tasks.csv,overload-bursty,3,rustland,rustland,4,770,770,0,0,770,0,720,720,0,720,720,720,0.0,1.0,1.0,0.0,0.0,1.0,1.0,67094.78768284676,63845.420270999995,146395.73199199996,4.493001409379783,0.0,0.9929992990009748,0.9998872901242074,99.97,170107101,0.9925862916084534,240,240,0,1.0,0.0,240,0,0.0,240,240,1.0,56549.2818355,106033.83595379996,480,480,0,1.0,0.0,480,0,0.0,480,480,1.0,62144.3412155,110863.72294595,50,50,0,1.0,0.0,0,0,,0,0,,150428.7667835,161729.65137965,171.377644884,,,,,,,,,,,,,,,,,,,,,
/home/amir/project/ai-fusion-scheduler-v0.2.0/ai-fusion-scheduler/results/paper-final-v1/overload/rustland/rep-04/tasks.csv,overload-bursty,4,rustland,rustland,4,770,770,0,0,770,0,720,720,0,720,720,720,0.0,1.0,1.0,0.0,0.0,1.0,1.0,67040.05018597143,64333.7604775,142575.59882939997,4.547267861929438,0.0,0.9939113574714513,0.9999229620111951,99.81,168085198,0.9926343103005796,240,240,0,1.0,0.0,240,0,0.0,240,240,1.0,56342.907476,104672.29762489999,480,480,0,1.0,0.0,480,0,0.0,480,480,1.0,62476.1149515,110347.62942699999,50,50,0,1.0,0.0,0,0,,0,0,,150133.1044595,161361.1097196,169.33244827,,,,,,,,,,,,,,,,,,,,,
/home/amir/project/ai-fusion-scheduler-v0.2.0/ai-fusion-scheduler/results/paper-final-v1/overload/rustland/rep-05/tasks.csv,overload-bursty,5,rustland,rustland,4,770,770,0,0,770,0,720,720,0,720,720,720,0.0,1.0,1.0,0.0,0.0,1.0,1.0,67228.60290398702,64223.7458575,141822.5583258,4.560999251182405,0.0,0.9935564194447634,0.9999383552810824,99.81,167487936,0.992093961919593,240,240,0,1.0,0.0,240,0,0.0,240,240,1.0,55578.7474155,105040.58735429999,480,480,0,1.0,0.0,480,0,0.0,480,480,1.0,62954.692523,110229.00336629998,50,50,0,1.0,0.0,0,0,,0,0,,148101.2863365,163372.82183089998,168.822654334,,,,,,,,,,,,,,,,,,,,,
/home/amir/project/ai-fusion-scheduler-v0.2.0/ai-fusion-scheduler/results/paper-final-v1/overload/rustland/rep-06/tasks.csv,overload-bursty,6,rustland,rustland,4,770,770,0,0,770,0,720,720,0,720,720,720,0.0,1.0,1.0,0.0,0.0,1.0,1.0,67350.14270284155,65558.28054949999,143001.40930425,4.548922579527925,0.0,0.99203117579417,0.9999610411446198,99.8,167548364,0.9898240729383946,240,240,0,1.0,0.0,240,0,0.0,240,240,1.0,57257.4544035,106591.67731809999,480,480,0,1.0,0.0,480,0,0.0,480,480,1.0,63912.779762499995,110092.94519794999,50,50,0,1.0,0.0,0,0,,0,0,,149766.873524,161487.91817895003,169.270851842,,,,,,,,,,,,,,,,,,,,,
/home/amir/project/ai-fusion-scheduler-v0.2.0/ai-fusion-scheduler/results/paper-final-v1/overload/rustland/rep-07/tasks.csv,overload-bursty,7,rustland,rustland,4,770,770,0,0,770,0,720,720,0,720,720,720,0.0,1.0,1.0,0.0,0.0,1.0,1.0,67326.73658326104,64401.9485095,144215.50944725,4.527039215991927,0.0,0.9920156902179376,0.9999371121531005,99.98,168534754,0.9908616111890289,240,240,0,1.0,0.0,240,0,0.0,240,240,1.0,56447.596204500005,105186.9256439,480,480,0,1.0,0.0,480,0,0.0,480,480,1.0,63322.939863,111190.43460739999,50,50,0,1.0,0.0,0,0,,0,0,,150123.282969,163974.0036522,170.089094276,,,,,,,,,,,,,,,,,,,,,
/home/amir/project/ai-fusion-scheduler-v0.2.0/ai-fusion-scheduler/results/paper-final-v1/overload/rustland/rep-08/tasks.csv,overload-bursty,8,rustland,rustland,4,770,770,0,0,770,0,720,720,0,720,720,720,0.0,1.0,1.0,0.0,0.0,1.0,1.0,67259.67249418961,64543.235875,140222.92541424997,4.605573235605144,0.0,0.9909234620966143,0.9992950548637567,99.25,165417951,0.9894084257327833,240,240,0,1.0,0.0,240,0,0.0,240,240,1.0,56921.681121999995,104718.20623734996,480,480,0,1.0,0.0,480,0,0.0,480,480,1.0,63277.3282755,110941.45540285,50,50,0,1.0,0.0,0,0,,0,0,,146871.101734,160929.007771,167.188742988,,,,,,,,,,,,,,,,,,,,,
/home/amir/project/ai-fusion-scheduler-v0.2.0/ai-fusion-scheduler/results/paper-final-v1/overload/rustland/rep-09/tasks.csv,overload-bursty,9,rustland,rustland,4,770,770,0,0,770,0,720,720,0,720,720,720,0.0,1.0,1.0,0.0,0.0,1.0,1.0,67187.46602435714,64827.088745,142818.67106375,4.564945308926031,0.0,0.9932887692594262,0.9999121745141597,99.81,167480417,0.9929077193780853,240,240,0,1.0,0.0,240,0,0.0,240,240,1.0,55810.143226,106509.39098139999,480,480,0,1.0,0.0,480,0,0.0,480,480,1.0,63381.395959,110031.80108624998,50,50,0,1.0,0.0,0,0,,0,0,,148124.5661675,159772.69827124997,168.67671963,,,,,,,,,,,,,,,,,,,,,
/home/amir/project/ai-fusion-scheduler-v0.2.0/ai-fusion-scheduler/results/paper-final-v1/saturated/eevdf/rep-00/tasks.csv,saturated,0,eevdf,eevdf,4,133,133,0,0,133,0,115,115,60,115,55,55,0.5217391304347826,0.4782608695652174,1.0,0.0,0.0,1.0,0.4782608695652174,5019.264507721805,3589.444103,19879.5801692,3.309672551616566,1.4930853616315336,0.7939334847723497,1.0,31.72,27602302,0.68687655105888,45,45,0,1.0,0.0,45,5,0.1111111111111111,45,40,0.8888888888888888,3467.425597,4076.7498091999996,70,70,0,1.0,0.0,70,55,0.7857142857142857,70,15,0.21428571428571427,3030.8808485,5591.72939295,18,18,0,1.0,0.0,0,0,,0,0,,19184.7201475,21029.841964699997,40.185244288,,,,,,,,,,,,,,,,,,,,,
/home/amir/project/ai-fusion-scheduler-v0.2.0/ai-fusion-scheduler/results/paper-final-v1/saturated/eevdf/rep-01/tasks.csv,saturated,1,eevdf,eevdf,4,133,133,0,0,133,0,115,115,35,115,80,80,0.30434782608695654,0.6956521739130435,1.0,0.0,0.0,1.0,0.6956521739130435,6787.451666203007,5057.6202,22316.1708778,4.133534239573499,1.0877721683088155,0.9712926414340122,0.9999357494128558,84.96,29736883,0.9241986771330158,45,45,0,1.0,0.0,45,5,0.1111111111111111,45,40,0.8888888888888888,4775.396373,6405.346995399999,70,70,0,1.0,0.0,70,30,0.42857142857142855,70,40,0.5714285714285714,4711.3488645,7305.368593099999,18,18,0,1.0,0.0,0,0,,0,0,,20993.898327000003,25095.258672599997,32.175855404,,,,,,,,,,,,,,,,,,,,,
/home/amir/project/ai-fusion-scheduler-v0.2.0/ai-fusion-scheduler/results/paper-final-v1/saturated/eevdf/rep-02/tasks.csv,saturated,2,eevdf,eevdf,4,133,133,0,0,133,0,115,115,33,115,82,82,0.28695652173913044,0.7130434782608696,1.0,0.0,0.0,1.0,0.7130434782608696,6381.487795849624,4621.96122,21870.58260699999,4.059023106222716,1.0071260338748091,0.9705762319001828,0.9998343252218669,92.04,30645107,0.9352571233508834,45,45,0,1.0,0.0,45,5,0.1111111111111111,45,40,0.8888888888888888,3862.240145,5375.814485399999,70,70,0,1.0,0.0,70,28,0.4,70,42,0.6,4988.110993,7245.3811442999995,18,18,0,1.0,0.0,0,0,,0,0,,21157.041738,24476.887035499996,32.766504777,,,,,,,,,,,,,,,,,,,,,
/home/amir/project/ai-fusion-scheduler-v0.2.0/ai-fusion-scheduler/results/paper-final-v1/saturated/eevdf/rep-03/tasks.csv,saturated,3,eevdf,eevdf,4,133,133,0,0,133,0,115,115,35,115,80,80,0.30434782608695654,0.6956521739130435,1.0,0.0,0.0,1.0,0.6956521739130435,6796.475696345865,5546.222615,22681.3417548,3.9736264724851313,1.0456911769697714,0.9534159559065695,0.999990332397793,91.51,30608090,0.9144745616256197,45,45,0,1.0,0.0,45,11,0.24444444444444444,45,34,0.7555555555555555,3227.64355,7155.470766799999,70,70,0,1.0,0.0,70,24,0.34285714285714286,70,46,0.6571428571428571,5472.623126,8465.978810699999,18,18,0,1.0,0.0,0,0,,0,0,,21873.591918500002,24895.02201135,33.470685008,,,,,,,,,,,,,,,,,,,,,
/home/amir/project/ai-fusion-scheduler-v0.2.0/ai-fusion-scheduler/results/paper-final-v1/saturated/eevdf/rep-04/tasks.csv,saturated,4,eevdf,eevdf,4,133,133,0,0,133,0,115,115,34,115,81,81,0.2956521739130435,0.7043478260869566,1.0,0.0,0.0,1.0,0.7043478260869566,6253.652565473684,4997.951463,21027.919081,4.195110824957815,1.0724343462298171,0.9703376307810375,0.9998736134122528,93.72,28765017,0.9073115353142522,45,45,0,1.0,0.0,45,3,0.06666666666666667,45,42,0.9333333333333333,4596.655773,5904.7895632,70,70,0,1.0,0.0,70,31,0.44285714285714284,70,39,0.5571428571428572,4778.9126655,6991.932867699999,18,18,0,1.0,0.0,0,0,,0,0,,20090.388516500003,23473.9970405,31.703572456,,,,,,,,,,,,,,,,,,,,,
/home/amir/project/ai-fusion-scheduler-v0.2.0/ai-fusion-scheduler/results/paper-final-v1/saturated/eevdf/rep-05/tasks.csv,saturated,5,eevdf,eevdf,4,133,133,0,0,133,0,115,115,46,115,69,69,0.4,0.6,1.0,0.0,0.0,1.0,0.6,5883.622995398497,4198.434531,20654.4124436,4.065554012775252,1.4061314630651247,0.9736840263995143,1.0,91.92,30130372,0.9210274796316624,45,45,0,1.0,0.0,45,6,0.13333333333333333,45,39,0.8666666666666667,3413.547326,5084.2309503999995,70,70,0,1.0,0.0,70,40,0.5714285714285714,70,30,0.42857142857142855,4127.7446899999995,6567.267918399999,18,18,0,1.0,0.0,0,0,,0,0,,20340.474028999997,24195.37713335,32.713868659,,,,,,,,,,,,,,,,,,,,,
/home/amir/project/ai-fusion-scheduler-v0.2.0/ai-fusion-scheduler/results/paper-final-v1/saturated/eevdf/rep-06/tasks.csv,saturated,6,eevdf,eevdf,4,133,133,0,0,133,0,115,115,59,115,56,56,0.5130434782608696,0.48695652173913045,1.0,0.0,0.0,1.0,0.48695652173913045,5006.335661533835,3521.60673,19155.448011599998,3.7634734556863414,1.669510781093941,0.9035673259801114,0.999985960718468,63.81,28386541,0.8032480718214438,45,45,0,1.0,0.0,45,7,0.15555555555555556,45,38,0.8444444444444444,2840.767206,3781.116917,70,70,0,1.0,0.0,70,52,0.7428571428571429,70,18,0.2571428571428571,3758.876473,5335.2954967,18,18,0,1.0,0.0,0,0,,0,0,,18285.6980585,21940.388268299997,35.33969392,,,,,,,,,,,,,,,,,,,,,
/home/amir/project/ai-fusion-scheduler-v0.2.0/ai-fusion-scheduler/results/paper-final-v1/saturated/eevdf/rep-07/tasks.csv,saturated,7,eevdf,eevdf,4,133,133,0,0,133,0,115,115,49,115,66,66,0.4260869565217391,0.5739130434782609,1.0,0.0,0.0,1.0,0.5739130434782609,5800.853306240601,4010.243229,20626.805629,4.157033738951257,1.5315387459294105,0.9761127720343371,0.9999727801043846,94.21,30203979,0.94405232897425,45,45,0,1.0,0.0,45,6,0.13333333333333333,45,39,0.8666666666666667,3509.814377,4887.339851799999,70,70,0,1.0,0.0,70,43,0.6142857142857143,70,27,0.38571428571428573,4167.6054535,6214.210055599999,18,18,0,1.0,0.0,0,0,,0,0,,20430.8976355,23899.555940749997,31.993966937,,,,,,,,,,,,,,,,,,,,,
/home/amir/project/ai-fusion-scheduler-v0.2.0/ai-fusion-scheduler/results/paper-final-v1/saturated/eevdf/rep-08/tasks.csv,saturated,8,eevdf,eevdf,4,133,133,0,0,133,0,115,115,41,115,74,74,0.3565217391304348,0.6434782608695652,1.0,0.0,0.0,1.0,0.6434782608695652,5801.3123529548875,4446.837822,21116.7712282,3.9660043772292326,1.222602853130816,0.9362263567560413,0.9995611621656255,82.62,28555572,0.8515152146337182,45,45,0,1.0,0.0,45,10,0.2222222222222222,45,35,0.7777777777777778,3395.205277,5318.8227096,70,70,0,1.0,0.0,70,31,0.44285714285714284,70,39,0.5571428571428572,4575.694937,6226.7673182,18,18,0,1.0,0.0,0,0,,0,0,,20526.355183,23310.6731778,33.535010895,,,,,,,,,,,,,,,,,,,,,
/home/amir/project/ai-fusion-scheduler-v0.2.0/ai-fusion-scheduler/results/paper-final-v1/saturated/eevdf/rep-09/tasks.csv,saturated,9,eevdf,eevdf,4,133,133,0,0,133,0,115,115,55,115,60,60,0.4782608695652174,0.5217391304347826,1.0,0.0,0.0,1.0,0.5217391304347826,5530.381348556391,3842.766233,20254.956217599996,4.07250077502767,1.684116861853548,0.9691647477944781,0.9999103606997757,93.82,30450926,0.9324166897391748,45,45,0,1.0,0.0,45,11,0.24444444444444444,45,34,0.7555555555555555,2891.837786,4978.5886536,70,70,0,1.0,0.0,70,44,0.6285714285714286,70,26,0.37142857142857144,3873.294007,6173.5966738,18,18,0,1.0,0.0,0,0,,0,0,,19920.1113875,23194.332342499998,32.658066222,,,,,,,,,,,,,,,,,,,,,
/home/amir/project/ai-fusion-scheduler-v0.2.0/ai-fusion-scheduler/results/paper-final-v1/saturated/proposed/rep-00/tasks.csv,saturated,0,proposed,proposed,4,133,117,29,16,117,0,109,115,102,109,7,7,0.8869565217391304,0.06422018348623854,0.8796992481203008,0.21804511278195488,0.12030075187969924,0.8796992481203008,0.06422018348623854,2351.5098864444444,1443.217929,7892.249585199996,2.911621838514204,2.5383369874226394,0.5959209538180428,0.9999960452469325,6.8,11592468,0.28848617941091514,45,45,0,1.0,0.0,45,43,0.9555555555555556,45,2,0.044444444444444446,1083.275222,1679.1418353999998,70,64,6,0.9142857142857143,0.08571428571428572,70,59,0.8428571428571429,64,5,0.078125,1649.1639915,4502.1031729999995,18,8,10,0.4444444444444444,0.5555555555555556,0,0,,0,0,,9328.8897065,13171.8414617,40.183789822,551.28112,0.013718992719252731,4228,47,0,4275,4275,4275,40061,0.1067122637977085,1.148575497366516,10763.294269005848,8234.372,256.10158917650585,204155.424,4274,0,0,0,0,0
/home/amir/project/ai-fusion-scheduler-v0.2.0/ai-fusion-scheduler/results/paper-final-v1/saturated/proposed/rep-01/tasks.csv,saturated,1,proposed,proposed,4,133,112,39,21,112,0,106,115,100,106,6,6,0.8695652173913043,0.05660377358490566,0.8421052631578947,0.2932330827067669,0.15789473684210525,0.8421052631578947,0.05660377358490566,2529.9649730267856,1746.131577,5696.947387449991,4.17162236904951,3.7246628295084916,0.794502281925335,0.9988732440710271,30.95,11396375,0.4244765435363983,45,45,0,1.0,0.0,45,44,0.9777777777777777,45,1,0.022222222222222223,754.096247,1277.1977097999998,70,61,9,0.8714285714285714,0.12857142857142856,70,56,0.8,61,5,0.08196721311475409,3937.867418,4420.566471,18,6,12,0.3333333333333333,0.6666666666666666,0,0,,0,0,,7777.350216,9645.662673750001,26.848067752,284.92914,0.01061264976801821,7690,112,0,7802,7802,7802,4050,1.9264197530864198,7.872489135802469,4086.5907459625737,319.12,6896.864355308641,1016013.013,7802,0,0,0,0,0
/home/amir/project/ai-fusion-scheduler-v0.2.0/ai-fusion-scheduler/results/paper-final-v1/saturated/proposed/rep-02/tasks.csv,saturated,2,proposed,proposed,4,133,104,40,29,104,0,96,115,89,96,7,7,0.7739130434782608,0.07291666666666667,0.7819548872180451,0.3007518796992481,0.21804511278195488,0.7819548872180451,0.07291666666666667,2581.404370201923,1846.0542475000002,5988.734109799996,3.4316496483234817,2.936700179815287,0.706176122241169,0.9998436601287214,20.37,10292895,0.33963086064404346,45,45,0,1.0,0.0,45,43,0.9555555555555556,45,2,0.044444444444444446,633.352871,1624.7539102,70,51,19,0.7285714285714285,0.2714285714285714,70,46,0.6571428571428571,51,5,0.09803921568627451,3828.926888,4562.8526105,18,8,10,0.4444444444444444,0.5555555555555556,0,0,,0,0,,6875.2430685,9228.40164875,30.306124068,278.654878,0.009194672250887718,6812,104,0,6916,6916,6916,3704,1.867170626349892,8.472963012958964,4537.862203585888,85.088,8628.213652807775,1566032.572,6916,0,0,0,0,0
/home/amir/project/ai-fusion-scheduler-v0.2.0/ai-fusion-scheduler/results/paper-final-v1/saturated/proposed/rep-03/tasks.csv,saturated,3,proposed,proposed,4,133,104,42,29,104,0,98,115,91,98,7,7,0.7913043478260869,0.07142857142857142,0.7819548872180451,0.3157894736842105,0.21804511278195488,0.7819548872180451,0.07142857142857142,2491.0006510192306,1740.533396,5902.054848649995,3.2950006427922105,2.883125562443184,0.6527558463837504,0.9997751514797975,17.56,9806270,0.31068909570571124,45,45,0,1.0,0.0,45,43,0.9555555555555556,45,2,0.044444444444444446,793.673062,1749.9541946,70,53,17,0.7571428571428571,0.24285714285714285,70,48,0.6857142857142857,53,5,0.09433962264150944,3944.775822,4444.472752,18,6,12,0.3333333333333333,0.6666666666666666,0,0,,0,0,,6753.576578,7842.69526475,31.562968046,280.373693,0.00888299517939448,6937,104,0,7041,7041,7041,3750,1.8776,8.4699768,4511.065615679591,263.836,8794.179290933333,2050623.237,7041,0,0,0,0,0
/home/amir/project/ai-fusion-scheduler-v0.2.0/ai-fusion-scheduler/results/paper-final-v1/saturated/proposed/rep-04/tasks.csv,saturated,4,proposed,proposed,4,133,113,40,20,113,0,105,115,99,105,6,6,0.8608695652173913,0.05714285714285714,0.849624060150376,0.3007518796992481,0.15037593984962405,0.849624060150376,0.05714285714285714,2571.810066035398,1771.1902,5366.972313799997,3.9130192320404285,3.4282203891327647,0.7908892337409883,0.9998375156011311,30.69,11522032,0.3989905558246482,45,45,0,1.0,0.0,45,43,0.9555555555555556,45,2,0.044444444444444446,851.174888,1726.8201058,70,60,10,0.8571428571428571,0.14285714285714285,70,56,0.8,60,4,0.06666666666666667,3745.9185315,4408.82479085,18,8,10,0.4444444444444444,0.5555555555555556,0,0,,0,0,,7887.4379725,8849.4792453,28.877956713,345.003803,0.011946960320938825,7725,113,0,7838,7838,7838,4340,1.8059907834101383,15.868816359447004,8786.764863485583,29730.935,7134.841123732718,1997936.178,7838,0,0,0,0,0
/home/amir/project/ai-fusion-scheduler-v0.2.0/ai-fusion-scheduler/results/paper-final-v1/saturated/proposed/rep-05/tasks.csv,saturated,5,proposed,proposed,4,133,109,40,24,109,0,103,115,95,103,8,8,0.8260869565217391,0.07766990291262135,0.8195488721804511,0.3007518796992481,0.18045112781954886,0.8195488721804511,0.07766990291262135,2616.6442822844037,1937.841376,5778.9754465999995,3.252942880034492,2.8351337027823553,0.619103483060703,0.9992144003244849,17.2,11490946,0.3429301924363379,45,45,0,1.0,0.0,45,43,0.9555555555555556,45,2,0.044444444444444446,922.631932,1698.0672181999998,70,58,12,0.8285714285714286,0.17142857142857143,70,52,0.7428571428571429,58,6,0.10344827586206896,3823.8136525,4870.89729875,18,6,12,0.3333333333333333,0.6666666666666666,0,0,,0,0,,7964.447465499999,9760.98886725,33.508119884,317.700794,0.009481307668106467,8045,109,0,8154,8154,8154,3954,2.0622154779969653,8.913020232675771,4322.060583762571,171.383,8847.13942008093,1394571.277,8154,0,0,0,0,0
/home/amir/project/ai-fusion-scheduler-v0.2.0/ai-fusion-scheduler/results/paper-final-v1/saturated/proposed/rep-06/tasks.csv,saturated,6,proposed,proposed,4,133,111,46,22,111,0,103,115,97,103,6,6,0.8434782608695652,0.05825242718446602,0.8345864661654135,0.3458646616541353,0.16541353383458646,0.8345864661654135,0.05825242718446602,2746.9112093063063,1840.614126,6891.671616,3.0962762002971513,2.7057548777371503,0.6343896242602699,0.9999911767286289,17.63,12896687,0.3597450902773123,45,44,1,0.9777777777777777,0.022222222222222223,45,44,0.9777777777777777,44,0,0.0,923.6884945,1605.47255345,70,59,11,0.8428571428571429,0.15714285714285714,70,53,0.7571428571428571,59,6,0.1016949152542373,3872.514303,4487.6849778,18,8,10,0.4444444444444444,0.5555555555555556,0,0,,0,0,,8347.863003499999,10383.255360750001,35.849514972,483.928447,0.01349888408191767,8292,111,0,8403,8403,8403,4350,1.9317241379310346,10.86617356321839,5625.116625014875,917.958,8494.999546206896,1050503.597,8403,0,0,0,0,0
/home/amir/project/ai-fusion-scheduler-v0.2.0/ai-fusion-scheduler/results/paper-final-v1/saturated/proposed/rep-07/tasks.csv,saturated,7,proposed,proposed,4,133,108,43,25,108,0,98,115,92,98,6,6,0.8,0.061224489795918366,0.8120300751879699,0.3233082706766917,0.18796992481203006,0.8120300751879699,0.061224489795918366,2778.1258697407407,1679.1502205,6817.9362818499985,3.3558151482441945,2.858657348504314,0.7258874987332283,0.9999043367047776,22.5,12058515,0.3746865490956467,45,44,1,0.9777777777777777,0.022222222222222223,45,43,0.9555555555555556,44,1,0.022727272727272728,909.6933135,1610.9433749500001,70,54,16,0.7714285714285715,0.22857142857142856,70,49,0.7,54,5,0.09259259259259259,3886.3476305,4662.278612299999,18,10,8,0.5555555555555556,0.4444444444444444,0,0,,0,0,,7024.170721500001,11289.7344564,32.182940725,349.910544,0.010872547260051544,7778,108,0,7886,7886,7886,4286,1.8399440037330845,9.093701119925338,4942.379279736241,79.109,7920.207085394307,1682197.452,7886,0,0,0,0,0
/home/amir/project/ai-fusion-scheduler-v0.2.0/ai-fusion-scheduler/results/paper-final-v1/saturated/proposed/rep-08/tasks.csv,saturated,8,proposed,proposed,4,133,104,40,29,104,0,96,115,87,96,9,9,0.7565217391304347,0.09375,0.7819548872180451,0.3007518796992481,0.21804511278195488,0.7819548872180451,0.09375,2665.807132471154,2235.6858525,6284.818893499999,3.1019311201067494,2.594884687012377,0.6401403814418671,0.9999235585760828,22.01,11925397,0.355690000710843,45,43,2,0.9555555555555556,0.044444444444444446,45,42,0.9333333333333333,43,1,0.023255813953488372,654.582077,1486.8566697999997,70,53,17,0.7571428571428571,0.24285714285714285,70,45,0.6428571428571429,53,8,0.1509433962264151,3799.534894,4544.9880788,18,8,10,0.4444444444444444,0.5555555555555556,0,0,,0,0,,6945.1361985,9488.136762049999,33.527501409,326.371314,0.009734435919295497,7400,104,0,7504,7504,7504,4045,1.8551297898640298,8.817563411619282,4753.070895522388,303.965,8642.841355253398,1527552.361,7504,0,0,0,0,0
/home/amir/project/ai-fusion-scheduler-v0.2.0/ai-fusion-scheduler/results/paper-final-v1/saturated/proposed/rep-09/tasks.csv,saturated,9,proposed,proposed,4,133,108,42,25,108,0,102,115,93,102,9,9,0.808695652173913,0.08823529411764706,0.8120300751879699,0.3157894736842105,0.18796992481203006,0.8120300751879699,0.08823529411764706,2572.0118376018518,2335.4766795,5248.1828982,3.272108671559827,2.8176491338431844,0.6362967553740632,0.9998441901433796,18.63,10443767,0.3164179681893552,45,45,0,1.0,0.0,45,42,0.9333333333333333,45,3,0.06666666666666667,681.432158,1813.7014811999993,70,57,13,0.8142857142857143,0.18571428571428572,70,51,0.7285714285714285,57,6,0.10526315789473684,3886.300708,4432.0245672,18,6,12,0.3333333333333333,0.6666666666666666,0,0,,0,0,,6129.9391215,8446.85851975,33.006238741,295.762541,0.008960807177117305,7042,108,0,7150,7150,7150,3868,1.8485005170630817,8.447526111685626,4569.934405594406,109.001,9052.099294984488,1919430.497,7150,0,0,0,0,0
/home/amir/project/ai-fusion-scheduler-v0.2.0/ai-fusion-scheduler/results/paper-final-v1/saturated/proposed-no-admission/rep-00/tasks.csv,saturated,0,proposed-no-admission,proposed,4,133,133,0,0,133,0,115,115,73,115,42,42,0.6347826086956522,0.3652173913043478,1.0,0.0,0.0,1.0,0.3652173913043478,4872.169373796993,2707.324295,19662.8037454,3.307984363237704,1.8156605903485143,0.7985449189775494,0.9999872405400966,31.95,27628989,0.6871899517598988,45,45,0,1.0,0.0,45,19,0.4222222222222222,45,26,0.5777777777777777,2484.407601,4242.6923178,70,70,0,1.0,0.0,70,54,0.7714285714285715,70,16,0.22857142857142856,2067.1744215,5705.242004799999,18,18,0,1.0,0.0,0,0,,0,0,,19402.743386000002,23542.174190149995,40.205752324,321.003769,0.007984025927762166,5515,56,0,5571,5571,5571,41437,0.13444506117720878,0.6672624707387117,4963.086519475857,862.533,249.57275454304127,510642.026,5571,0,0,0,0,0
/home/amir/project/ai-fusion-scheduler-v0.2.0/ai-fusion-scheduler/results/paper-final-v1/saturated/proposed-no-admission/rep-01/tasks.csv,saturated,1,proposed-no-admission,proposed,4,133,133,0,0,133,0,115,115,43,115,72,72,0.3739130434782609,0.6260869565217392,1.0,0.0,0.0,1.0,0.6260869565217392,6493.180494263158,5057.329508,22257.636426799996,4.085647282678692,1.3209235575577725,0.9661903721052106,0.9999565922547037,86.03,29707525,0.9125899909124761,45,45,0,1.0,0.0,45,12,0.26666666666666666,45,33,0.7333333333333333,4668.765921,6233.150954599998,70,70,0,1.0,0.0,70,31,0.44285714285714284,70,39,0.5571428571428572,4705.020479,7163.858143449999,18,18,0,1.0,0.0,0,0,,0,0,,21397.2080665,27967.735423699996,32.5529814,165.788658,0.00509288706809509,3913,49,0,3962,3962,3962,72973,0.0542940539651652,0.23109181478080934,4256.300605754669,235.538,104.50845389390597,191590.844,3959,0,0,0,0,0
/home/amir/project/ai-fusion-scheduler-v0.2.0/ai-fusion-scheduler/results/paper-final-v1/saturated/proposed-no-admission/rep-02/tasks.csv,saturated,2,proposed-no-admission,proposed,4,133,133,0,0,133,0,115,115,44,115,71,71,0.3826086956521739,0.6173913043478261,1.0,0.0,0.0,1.0,0.6173913043478261,6110.774659969925,4515.120814,23327.782837999992,4.0424521951831816,1.3373526059252632,0.9757323682458827,0.9997814568789213,91.07,28960080,0.8802236012682748,45,45,0,1.0,0.0,45,14,0.3111111111111111,45,31,0.6888888888888889,3533.55554,5403.897386199999,70,70,0,1.0,0.0,70,30,0.42857142857142855,70,40,0.5714285714285714,4733.758202999999,7162.6141274,18,18,0,1.0,0.0,0,0,,0,0,,22080.094135,26811.123138749997,32.900821971,239.780834,0.007287989163655293,4248,53,0,4301,4301,4301,111107,0.038710432285994585,0.22179597145094368,5729.61753080679,536.613,93.87107316370705,789591.078,4301,0,0,0,0,0
/home/amir/project/ai-fusion-scheduler-v0.2.0/ai-fusion-scheduler/results/paper-final-v1/saturated/proposed-no-admission/rep-03/tasks.csv,saturated,3,proposed-no-admission,proposed,4,133,133,0,0,133,0,115,115,56,115,59,59,0.48695652173913045,0.5130434782608696,1.0,0.0,0.0,1.0,0.5130434782608696,6382.461271789473,4520.555422,24269.161598199997,3.9644884269785057,1.6692582850435813,0.9574220568705571,0.9999601289997976,93.76,30732374,0.9160762485456776,45,45,0,1.0,0.0,45,22,0.4888888888888889,45,23,0.5111111111111111,1767.599103,6873.2772098,70,70,0,1.0,0.0,70,34,0.4857142857142857,70,36,0.5142857142857142,4495.39278,7936.5267887499995,18,18,0,1.0,0.0,0,0,,0,0,,23348.284642,28448.707436399996,33.54783409,325.930111,0.009715384609498645,7291,70,0,7361,7361,7361,121352,0.06065825037906256,0.28352698760630235,4674.1702214373045,1316.558,105.12294209407344,204020.168,7361,0,0,0,0,0
/home/amir/project/ai-fusion-scheduler-v0.2.0/ai-fusion-scheduler/results/paper-final-v1/saturated/proposed-no-admission/rep-04/tasks.csv,saturated,4,proposed-no-admission,proposed,4,133,133,0,0,133,0,115,115,57,115,58,58,0.4956521739130435,0.5043478260869565,1.0,0.0,0.0,1.0,0.5043478260869565,5738.057131075188,4104.036181,21314.75323399999,4.159844898702922,1.7827906708726813,0.970611496717192,0.9995373718864681,93.4,28889427,0.9035754551308306,45,45,0,1.0,0.0,45,18,0.4,45,27,0.6,3244.444732,5446.6548326,70,70,0,1.0,0.0,70,39,0.5571428571428572,70,31,0.44285714285714284,3950.2548475000003,6631.62922065,18,18,0,1.0,0.0,0,0,,0,0,,20708.8464005,25855.02090545,31.972345902,287.692871,0.00899817835956803,6433,66,0,6499,6499,6499,68967,0.09423347398030943,0.43204687749213394,4584.855670103093,180.974,186.1387995128105,413570.577,6499,0,0,0,0,0
/home/amir/project/ai-fusion-scheduler-v0.2.0/ai-fusion-scheduler/results/paper-final-v1/saturated/proposed-no-admission/rep-05/tasks.csv,saturated,5,proposed-no-admission,proposed,4,133,133,0,0,133,0,115,115,67,115,48,48,0.5826086956521739,0.41739130434782606,1.0,0.0,0.0,1.0,0.41739130434782606,5619.042935090225,3774.759563,22683.04514799999,4.027244414565774,2.028762223878999,0.9728418584720966,0.9999982913325507,95.15,30874463,0.9348797644320876,45,45,0,1.0,0.0,45,20,0.4444444444444444,45,25,0.5555555555555556,2544.014853,5186.860037799999,70,70,0,1.0,0.0,70,47,0.6714285714285714,70,23,0.32857142857142857,2455.859303,6788.798793849999,18,18,0,1.0,0.0,0,0,,0,0,,20645.970283000002,28556.20061465,33.025062874,368.546388,0.011159596861514215,7924,76,0,8000,8000,8000,75179,0.10641269503451761,0.520837747243246,4894.507625,512.316,206.0244927971907,209846.383,8000,0,0,0,0,0
/home/amir/project/ai-fusion-scheduler-v0.2.0/ai-fusion-scheduler/results/paper-final-v1/saturated/proposed-no-admission/rep-06/tasks.csv,saturated,6,proposed-no-admission,proposed,4,133,133,0,0,133,0,115,115,86,115,29,29,0.7478260869565218,0.25217391304347825,1.0,0.0,0.0,1.0,0.25217391304347825,4641.272862887218,2980.806957,20641.321191199982,3.763797871033962,2.4337339617212086,0.908993169898941,0.9999863356534175,66.15,28466664,0.805584732019843,45,45,0,1.0,0.0,45,27,0.6,45,18,0.4,1506.763221,3853.15292,70,70,0,1.0,0.0,70,59,0.8428571428571429,70,11,0.15714285714285714,2240.9073995,4708.29075525,18,18,0,1.0,0.0,0,0,,0,0,,18823.6840245,24559.895286699997,35.336647864,481.681788,0.013631224723234829,7713,76,0,7789,7789,7789,98269,0.07926202566424813,0.4638326430512166,5851.8898446527155,468.809,156.61976918458515,347658.716,7789,0,0,0,0,0
/home/amir/project/ai-fusion-scheduler-v0.2.0/ai-fusion-scheduler/results/paper-final-v1/saturated/proposed-no-admission/rep-07/tasks.csv,saturated,7,proposed-no-admission,proposed,4,133,133,0,0,133,0,115,115,70,115,45,45,0.6086956521739131,0.391304347826087,1.0,0.0,0.0,1.0,0.391304347826087,5478.174712639098,3505.558363,22756.917476999988,4.108314720236125,2.1622709053874343,0.9765177741391956,0.9999363727667273,93.21,30156205,0.931512638405701,45,45,0,1.0,0.0,45,16,0.35555555555555557,45,29,0.6444444444444445,3091.476609,4647.7833708,70,70,0,1.0,0.0,70,54,0.7714285714285715,70,16,0.22857142857142856,3266.4707865,5615.335226599998,18,18,0,1.0,0.0,0,0,,0,0,,21088.132172999998,26996.895701849997,32.373371822,292.560845,0.009037082902843755,6591,72,0,6663,6663,6663,89133,0.07475345831510215,0.34294536254810226,4587.685577067387,248.078,143.47535832968708,396296.774,6661,0,0,0,0,0
/home/amir/project/ai-fusion-scheduler-v0.2.0/ai-fusion-scheduler/results/paper-final-v1/saturated/proposed-no-admission/rep-08/tasks.csv,saturated,8,proposed-no-admission,proposed,4,133,133,0,0,133,0,115,115,59,115,56,56,0.5130434782608696,0.48695652173913045,1.0,0.0,0.0,1.0,0.48695652173913045,5349.208691969924,3856.621778,21133.652666199996,3.966909927424137,1.7597570354738652,0.9429937912045281,0.9995577828593303,85.79,28704127,0.8561404989048362,45,45,0,1.0,0.0,45,19,0.4222222222222222,45,26,0.5777777777777777,2675.720998,5109.391522,70,70,0,1.0,0.0,70,40,0.5714285714285714,70,30,0.42857142857142855,3961.105262,6095.689638649999,18,18,0,1.0,0.0,0,0,,0,0,,19904.2541215,24943.9924918,33.527355658,278.358154,0.008302418981068095,5842,63,0,5905,5905,5905,74609,0.07914594753984104,0.3911081638944363,4941.606943268416,234.422,171.93800403436583,735944.248,5905,0,0,0,0,0
/home/amir/project/ai-fusion-scheduler-v0.2.0/ai-fusion-scheduler/results/paper-final-v1/saturated/proposed-no-admission/rep-09/tasks.csv,saturated,9,proposed-no-admission,proposed,4,133,133,0,0,133,0,115,115,60,115,55,55,0.5217391304347826,0.4782608695652174,1.0,0.0,0.0,1.0,0.4782608695652174,5489.695325090225,3690.511745,20009.49831199999,4.072067693214915,1.8370230194954504,0.9713306643153627,0.9999013197509287,94.42,30295724,0.927565706338013,45,45,0,1.0,0.0,45,17,0.37777777777777777,45,28,0.6222222222222222,2611.348635,5195.776655999998,70,70,0,1.0,0.0,70,43,0.6142857142857143,70,27,0.38571428571428573,3881.998312,6202.5139364999995,18,18,0,1.0,0.0,0,0,,0,0,,19003.1970195,24121.446641249997,32.661539547,228.15152,0.006985326569547944,4990,53,0,5043,5043,5043,98754,0.05106628592259554,0.2416800939708771,4732.67420186397,258.962,105.4182171152561,178213.149,5042,0,0,0,0,0
/home/amir/project/ai-fusion-scheduler-v0.2.0/ai-fusion-scheduler/results/paper-final-v1/saturated/rustland/rep-00/tasks.csv,saturated,0,rustland,rustland,4,133,133,0,0,133,0,115,115,112,115,3,3,0.9739130434782609,0.02608695652173913,1.0,0.0,0.0,1.0,0.02608695652173913,4154.096593203008,1272.733448,23763.315897799992,3.3103962143284984,2.7877020752239985,0.8019167922542361,0.9999475937936588,33.16,27976093,0.6963304688639248,45,45,0,1.0,0.0,45,42,0.9333333333333333,45,3,0.06666666666666667,1068.780954,2031.5971449999986,70,70,0,1.0,0.0,70,70,1.0,70,0,0.0,1324.269948,2337.6309392499998,18,18,0,1.0,0.0,0,0,,0,0,,22696.1017375,28445.5984589,40.176459671,,,,,,,,,,,,,,,,,,,,,
/home/amir/project/ai-fusion-scheduler-v0.2.0/ai-fusion-scheduler/results/paper-final-v1/saturated/rustland/rep-01/tasks.csv,saturated,1,rustland,rustland,4,133,133,0,0,133,0,115,115,107,115,8,8,0.9304347826086956,0.06956521739130435,1.0,0.0,0.0,1.0,0.06956521739130435,4766.954826270677,1478.36915,26180.827813199994,4.08730720634534,3.288284744954521,0.973989227359936,0.9997155253462268,93.64,30835084,0.947612489033563,45,45,0,1.0,0.0,45,41,0.9111111111111111,45,4,0.08888888888888889,1130.316596,1829.1604479999999,70,70,0,1.0,0.0,70,66,0.9428571428571428,70,4,0.05714285714285714,1551.982137,4554.955560399997,18,18,0,1.0,0.0,0,0,,0,0,,24540.593560499998,29655.772426849995,32.539761091,,,,,,,,,,,,,,,,,,,,,
/home/amir/project/ai-fusion-scheduler-v0.2.0/ai-fusion-scheduler/results/paper-final-v1/saturated/rustland/rep-02/tasks.csv,saturated,2,rustland,rustland,4,133,133,0,0,133,0,115,115,114,115,1,1,0.991304347826087,0.008695652173913044,1.0,0.0,0.0,1.0,0.008695652173913044,4711.931073714286,1381.220052,26641.8063176,3.995127920353985,3.4243953603034156,0.9746202585260608,0.9995446140210595,94.54,31644727,0.950561897516388,45,45,0,1.0,0.0,45,44,0.9777777777777777,45,1,0.022222222222222223,1022.994147,1252.0116198,70,70,0,1.0,0.0,70,70,1.0,70,0,0.0,1546.9751115,3376.23111985,18,18,0,1.0,0.0,0,0,,0,0,,25599.182388499998,31026.825948749996,33.290548551,,,,,,,,,,,,,,,,,,,,,
/home/amir/project/ai-fusion-scheduler-v0.2.0/ai-fusion-scheduler/results/paper-final-v1/saturated/rustland/rep-03/tasks.csv,saturated,3,rustland,rustland,4,133,133,0,0,133,0,115,115,83,115,32,32,0.7217391304347827,0.2782608695652174,1.0,0.0,0.0,1.0,0.2782608695652174,5603.155851120301,1850.04385,25638.179383799987,4.026408548616669,2.5127211243246887,0.9701817074208398,0.9998921545824471,94.63,31196333,0.9444299389224986,45,45,0,1.0,0.0,45,38,0.8444444444444444,45,7,0.15555555555555556,1193.835142,4119.615323599997,70,70,0,1.0,0.0,70,45,0.6428571428571429,70,25,0.35714285714285715,3048.1725880000004,6711.62232825,18,18,0,1.0,0.0,0,0,,0,0,,24475.5506015,30817.22920335,33.031918742,,,,,,,,,,,,,,,,,,,,,
/home/amir/project/ai-fusion-scheduler-v0.2.0/ai-fusion-scheduler/results/paper-final-v1/saturated/rustland/rep-04/tasks.csv,saturated,4,rustland,rustland,4,133,133,0,0,133,0,115,115,75,115,40,40,0.6521739130434783,0.34782608695652173,1.0,0.0,0.0,1.0,0.34782608695652173,5571.629629037594,2617.425193,24997.4899924,4.1695672029706925,2.351259700923323,0.9712270300841929,0.9996352435179152,93.15,29193178,0.9152099063104178,45,45,0,1.0,0.0,45,31,0.6888888888888889,45,14,0.3111111111111111,1247.613026,4847.297096799999,70,70,0,1.0,0.0,70,44,0.6285714285714286,70,26,0.37142857142857144,2698.794292,6461.872213799999,18,18,0,1.0,0.0,0,0,,0,0,,23876.9565975,27724.6528358,31.897795029,,,,,,,,,,,,,,,,,,,,,
/home/amir/project/ai-fusion-scheduler-v0.2.0/ai-fusion-scheduler/results/paper-final-v1/saturated/rustland/rep-05/tasks.csv,saturated,5,rustland,rustland,4,133,133,0,0,133,0,115,115,109,115,6,6,0.9478260869565217,0.05217391304347826,1.0,0.0,0.0,1.0,0.05217391304347826,4756.398097240602,1456.999212,25960.2517806,4.021964732143099,3.296196660177427,0.9767391887920774,0.9998440827415183,94.34,31135957,0.9415618116956695,45,45,0,1.0,0.0,45,40,0.8888888888888888,45,5,0.1111111111111111,1055.151049,2399.4445547999994,70,70,0,1.0,0.0,70,69,0.9857142857142858,70,1,0.014285714285714285,1559.7129089999999,3631.900087599999,18,18,0,1.0,0.0,0,0,,0,0,,25728.6060665,29751.759373499994,33.068415279,,,,,,,,,,,,,,,,,,,,,
/home/amir/project/ai-fusion-scheduler-v0.2.0/ai-fusion-scheduler/results/paper-final-v1/saturated/rustland/rep-06/tasks.csv,saturated,6,rustland,rustland,4,133,133,0,0,133,0,115,115,115,115,0,0,1.0,0.0,1.0,0.0,0.0,1.0,0.0,4248.69960868421,1197.788811,25592.8239408,3.765072388387198,3.2555137192821637,0.9176533647452776,0.999981415209987,72.03,29595494,0.8378133630081127,45,45,0,1.0,0.0,45,45,1.0,45,0,0.0,1013.55133,1272.1831924,70,70,0,1.0,0.0,70,70,1.0,70,0,0.0,1335.12507,1776.79704235,18,18,0,1.0,0.0,0,0,,0,0,,23167.5316925,29733.584183799998,35.32468603,,,,,,,,,,,,,,,,,,,,,
/home/amir/project/ai-fusion-scheduler-v0.2.0/ai-fusion-scheduler/results/paper-final-v1/saturated/rustland/rep-07/tasks.csv,saturated,7,rustland,rustland,4,133,133,0,0,133,0,115,115,66,115,49,49,0.5739130434782609,0.4260869565217391,1.0,0.0,0.0,1.0,0.4260869565217391,5894.849575007519,3691.689668,23980.4085384,4.123921551840907,2.0464573114398488,0.9746642101682487,0.9998190075195033,92.83,30395597,0.9424741169125626,45,45,0,1.0,0.0,45,14,0.3111111111111111,45,31,0.6888888888888889,2609.098186,5259.8927898,70,70,0,1.0,0.0,70,52,0.7428571428571429,70,18,0.2571428571428571,3478.7382230000003,5737.71834375,18,18,0,1.0,0.0,0,0,,0,0,,22910.9051145,28866.766304349996,32.25085597,,,,,,,,,,,,,,,,,,,,,
/home/amir/project/ai-fusion-scheduler-v0.2.0/ai-fusion-scheduler/results/paper-final-v1/saturated/rustland/rep-08/tasks.csv,saturated,8,rustland,rustland,4,133,133,0,0,133,0,115,115,66,115,49,49,0.5739130434782609,0.4260869565217391,1.0,0.0,0.0,1.0,0.4260869565217391,5666.820405766917,3689.200424,22150.257860799997,3.966002885321967,1.9680916573778182,0.9400960818053112,0.9995338068772677,85.59,28974671,0.8640122465207122,45,45,0,1.0,0.0,45,22,0.4888888888888889,45,23,0.5111111111111111,1918.94062,5097.0676494,70,70,0,1.0,0.0,70,44,0.6285714285714286,70,26,0.37142857142857144,3796.3433525,6431.893237050001,18,18,0,1.0,0.0,0,0,,0,0,,21671.832479999997,27260.768156399998,33.53502351,,,,,,,,,,,,,,,,,,,,,
/home/amir/project/ai-fusion-scheduler-v0.2.0/ai-fusion-scheduler/results/paper-final-v1/saturated/rustland/rep-09/tasks.csv,saturated,9,rustland,rustland,4,133,133,0,0,133,0,115,115,114,115,1,1,0.991304347826087,0.008695652173913044,1.0,0.0,0.0,1.0,0.008695652173913044,4633.735807586467,1378.030251,26936.606581199998,4.012790558222089,3.4395347641903613,0.9711200383298594,0.999723411973948,94.49,31184476,0.9408779763601753,45,45,0,1.0,0.0,45,44,0.9777777777777777,45,1,0.022222222222222223,1099.564582,1661.2705247999997,70,70,0,1.0,0.0,70,70,1.0,70,0,0.0,1441.273349,2656.338659799999,18,18,0,1.0,0.0,0,0,,0,0,,26117.799630499998,30623.467190800002,33.144017379,,,,,,,,,,,,,,,,,,,,,
